FREQ;GEO;UNIT;OBJECTIV\TIME_PERIOD,2000 ,2001 ,2002 ,2003 ,2004 ,2005 ,2006 ,2007 ,2008 ,2009 ,2010 ,2011 ,2012 ,2013 ,2014 ,2015 ,2016 ,2017 
A;AT;PC_GDP;OBJ01,0 ,0 ,0 ,0 ,0 ,0 ,0.007 ,0.004 ,0.013 ,0.058 ,0.033 ,0.033 ,0.036 ,0.025 ,0.022 ,0.009 ,0.007 ,0.007 
A;BE;PC_GDP;OBJ01,0 ,0 ,0 ,0 ,0 ,0 ,0 ,0.008 ,0.026 ,0.022 ,0.025 ,0.022 ,0.014 ,0.018 ,0.031 ,0.017 ,0.023 ,0.03 
A;BG;PC_GDP;OBJ01,0 ,0 ,0 ,0 ,0 ,0 ,0 ,0 ,0 ,0.038 ,0.001 ,0.015 ,0.024 ,0.045 ,0.296 ,0.39 ,0.134 ,0.256 
A;CY;PC_GDP;OBJ01,0 ,0 ,0 ,0 ,0 ,0 ,0 ,0 ,0 ,0.004 ,0.044 ,0.034 ,0.029 ,0.023 ,0.012 ,0.007 ,0.009 ,0 
A;CZ;PC_GDP;OBJ01,0 ,0 ,0 ,0 ,0 ,0 ,0 ,0.034 ,0.248 ,0.218 ,0.239 ,0.409 ,0.47 ,0.519 ,0.504 ,0.626 ,0.101 ,0.132 
A;DE;PC_GDP;OBJ01,0 ,0 ,0 ,0 ,0 ,0 ,0 ,0.042 ,0.074 ,0.165 ,0.117 ,0.102 ,0.099 ,0.082 ,0.076 ,0.005 ,0.011 ,0.029 
A;DK;PC_GDP;OBJ01,0 ,0 ,0 ,0 ,0 ,0 ,0 ,0 ,0 ,0 ,0 ,0 ,0 ,0 ,0 ,0.005 ,0.005 ,0.005 
A;EE;PC_GDP;OBJ01,0 ,0 ,0 ,0 ,0 ,0 ,0 ,0.003 ,0.003 ,0.008 ,0.014 ,0.029 ,0.04 ,0.047 ,0.163 ,0.142 ,0.016 ,0.038 
A;EL;PC_GDP;OBJ01,0 ,0 ,0 ,0 ,0 ,0 ,0 ,0 ,0.027 ,0.06 ,0.06 ,0.171 ,0.11 ,0.166 ,0.154 ,0.117 ,0.087 ,0.103 
A;ES;PC_GDP;OBJ01,0 ,0 ,0 ,0 ,0 ,0.011 ,0.011 ,0.039 ,0.036 ,0.051 ,0.048 ,0.042 ,0.026 ,0.023 ,0.026 ,0.03 ,0.02 ,0.017 
A;EU28;PC_GDP;OBJ01,0 ,0 ,0 ,0 ,0 ,0.001 ,0.001 ,0.019 ,0.032 ,0.058 ,0.05 ,0.047 ,0.045 ,0.045 ,0.071 ,0.05 ,0.047 ,0.053 
A;FI;PC_GDP;OBJ01,0 ,0 ,0 ,0 ,0 ,0 ,0 ,0.021 ,0.025 ,0.017 ,0.02 ,0.023 ,0.021 ,0.023 ,0.026 ,0.03 ,0.033 ,0.029 
A;FR;PC_GDP;OBJ01,0 ,0 ,0 ,0 ,0 ,0 ,0 ,0.007 ,0.014 ,0.014 ,0.012 ,0.009 ,0.01 ,0.013 ,0.093 ,0.12 ,0.116 ,0.095 
A;HR;PC_GDP;OBJ01,0 ,0 ,0 ,0 ,0 ,0 ,0 ,0 ,0 ,0 ,0 ,0 ,0 ,0.036 ,0.201 ,0.031 ,0.198 ,0.334 
A;HU;PC_GDP;OBJ01,0 ,0 ,0 ,0 ,0 ,0 ,0.054 ,0.111 ,0.236 ,0.32 ,0.223 ,0.149 ,0.134 ,0.165 ,0.702 ,0.385 ,0.658 ,0.599 
A;IE;PC_GDP;OBJ01,0 ,0 ,0 ,0 ,0 ,0 ,0 ,0.004 ,0.004 ,0.01 ,0.024 ,0.011 ,0.024 ,0.209 ,0.018 ,0.02 ,0.02 ,0.016 
A;IT;PC_GDP;OBJ01,0 ,0 ,0 ,0 ,0 ,0 ,0 ,0 ,0 ,0.022 ,0.033 ,0.024 ,0.027 ,0.012 ,0.025 ,0.018 ,0.02 ,0.026 
A;LT;PC_GDP;OBJ01,0 ,0 ,0 ,0 ,0 ,0 ,0 ,0.006 ,0.007 ,0.098 ,0.102 ,0.164 ,0.156 ,0.109 ,0.042 ,0.224 ,0.047 ,0.101 
A;LU;PC_GDP;OBJ01,0 ,0 ,0 ,0 ,0 ,0 ,0 ,0 ,0 ,0 ,0 ,0.013 ,0.003 ,0.056 ,0.012 ,0 ,0 ,0 
A;LV;PC_GDP;OBJ01,0 ,0 ,0 ,0 ,0 ,0 ,0 ,0.025 ,0.015 ,0.041 ,0.059 ,0.043 ,0.056 ,0.075 ,0.483 ,0.316 ,0.164 ,0.039 
A;MT;PC_GDP;OBJ01,0 ,0 ,0 ,0 ,0 ,0 ,0 ,0 ,0 ,0.191 ,0.196 ,0.249 ,0.223 ,0.256 ,0.269 ,0.11 ,0.133 ,0.294 
A;NL;PC_GDP;OBJ01,0 ,0 ,0 ,0 ,0 ,0 ,0 ,0.005 ,0.002 ,0.002 ,0.002 ,0.002 ,0.002 ,0.001 ,0 ,0.001 ,0 ,0 
A;PL;PC_GDP;OBJ01,0 ,0 ,0 ,0 ,0 ,0 ,0 ,0.007 ,0.04 ,0.074 ,0.098 ,0.055 ,0.08 ,0.118 ,0.34 ,0.073 ,0.221 ,0.349 
A;PT;PC_GDP;OBJ01,0 ,0 ,0 ,0 ,0 ,0 ,0 ,0.006 ,0.02 ,0.022 ,0.025 ,0.033 ,0.039 ,0.032 ,0.173 ,0.266 ,0.189 ,0.261 
A;RO;PC_GDP;OBJ01,0 ,0 ,0 ,0 ,0 ,0 ,0 ,0.001 ,0.021 ,0.032 ,0.057 ,0.083 ,0.066 ,0.08 ,0.215 ,0.234 ,0.108 ,0.031 
A;SE;PC_GDP;OBJ01,0 ,0 ,0 ,0 ,0 ,0 ,0 ,0.018 ,0.015 ,0.016 ,0.012 ,0.011 ,0.006 ,0.007 ,0.007 ,0.015 ,0.015 ,0.015 
A;SI;PC_GDP;OBJ01,0 ,0 ,0 ,0 ,0 ,0 ,0 ,0.015 ,0.195 ,0.245 ,0.233 ,0.345 ,0.253 ,0.131 ,0.178 ,0.073 ,0.054 ,0.048 
A;SK;PC_GDP;OBJ01,0 ,0 ,0 ,0 ,0 ,0 ,0 ,0 ,0.011 ,0.041 ,0.049 ,0.051 ,0.064 ,0.078 ,0.127 ,0.26 ,0.202 ,0.074 
A;UK;PC_GDP;OBJ01,0 ,0 ,0 ,0 ,0 ,0 ,0 ,0.019 ,0.016 ,0.015 ,0.025 ,0.016 ,0.013 ,0.013 ,0.017 ,0.01 ,0.006 ,0.007 
A;AT;PC_GDP;OBJ02,0 ,0 ,0 ,0 ,0 ,0 ,0 ,0 ,0 ,0 ,0 ,0 ,0 ,0 ,0 ,0 ,0 ,0 
A;BE;PC_GDP;OBJ02,0 ,0 ,0 ,0 ,0 ,0 ,0 ,0 ,0 ,0 ,0 ,0 ,0 ,0 ,0 ,0 ,0 ,0 
A;BG;PC_GDP;OBJ02,0 ,0 ,0 ,0 ,0 ,0 ,0 ,0 ,0 ,0 ,0 ,0 ,0 ,0 ,0 ,0 ,0 ,0 
A;CY;PC_GDP;OBJ02,0 ,0 ,0 ,0 ,0 ,0 ,0 ,0 ,0 ,0 ,0 ,0 ,0 ,0 ,0 ,0 ,0 ,0 
A;CZ;PC_GDP;OBJ02,0 ,0 ,0 ,0 ,0 ,0 ,0 ,0 ,0 ,0 ,0 ,0 ,0 ,0 ,0 ,0 ,0 ,0 
A;DE;PC_GDP;OBJ02,0 ,0 ,0 ,0 ,0 ,0 ,0 ,0 ,0 ,0 ,0 ,0 ,0 ,0 ,0 ,0 ,0 ,0 
A;DK;PC_GDP;OBJ02,0 ,0 ,0 ,0 ,0 ,0 ,0 ,0 ,0 ,0 ,0 ,0 ,0 ,0 ,0 ,0 ,0 ,0 
A;EE;PC_GDP;OBJ02,0 ,0 ,0 ,0 ,0 ,0 ,0 ,0 ,0 ,0 ,0 ,0 ,0 ,0 ,0 ,0 ,0 ,0 
A;EL;PC_GDP;OBJ02,0 ,0 ,0 ,0 ,0 ,0 ,0 ,0 ,0 ,0 ,0 ,0 ,0 ,0 ,0 ,0 ,0 ,0 
A;ES;PC_GDP;OBJ02,0 ,0 ,0 ,0 ,0 ,0 ,0 ,0 ,0 ,0 ,0 ,0 ,0 ,0 ,0 ,0 ,0 ,0 
A;EU28;PC_GDP;OBJ02,0 ,0 ,0 ,0 ,0 ,0 ,0 ,0 ,0 ,0 ,0 ,0 ,0 ,0 ,0 ,0 ,0 ,0 
A;FI;PC_GDP;OBJ02,0 ,0 ,0 ,0 ,0 ,0 ,0 ,0 ,0 ,0 ,0 ,0 ,0 ,0 ,0 ,0 ,0 ,0 
A;FR;PC_GDP;OBJ02,0 ,0 ,0 ,0 ,0 ,0 ,0 ,0 ,0 ,0 ,0 ,0 ,0 ,0 ,0 ,0 ,0 ,0 
A;HR;PC_GDP;OBJ02,0 ,0 ,0 ,0 ,0 ,0 ,0 ,0 ,0 ,0 ,0 ,0 ,0 ,0 ,0 ,0 ,0 ,0 
A;HU;PC_GDP;OBJ02,0 ,0 ,0 ,0 ,0 ,0 ,0 ,0 ,0 ,0 ,0 ,0 ,0 ,0 ,0 ,0 ,0 ,0 
A;IE;PC_GDP;OBJ02,0 ,0 ,0 ,0 ,0 ,0 ,0 ,0 ,0 ,0 ,0 ,0 ,0 ,0 ,0 ,0 ,0 ,0 
A;IT;PC_GDP;OBJ02,0 ,0 ,0 ,0 ,0 ,0 ,0 ,0 ,0 ,0 ,0 ,0 ,0 ,0 ,0 ,0 ,0 ,0 
A;LT;PC_GDP;OBJ02,0 ,0 ,0 ,0 ,0 ,0 ,0 ,0 ,0 ,0 ,0 ,0 ,0 ,0 ,0 ,0 ,0 ,0 
A;LU;PC_GDP;OBJ02,0 ,0 ,0 ,0 ,0 ,0 ,0 ,0 ,0 ,0 ,0 ,0 ,0 ,0 ,0 ,0 ,0 ,0 
A;LV;PC_GDP;OBJ02,0 ,0 ,0 ,0 ,0 ,0 ,0 ,0 ,0 ,0 ,0 ,0 ,0 ,0 ,0 ,0 ,0 ,0 
A;MT;PC_GDP;OBJ02,0 ,0 ,0 ,0 ,0 ,0 ,0 ,0 ,0 ,0 ,0 ,0 ,0 ,0 ,0 ,0 ,0 ,0 
A;NL;PC_GDP;OBJ02,0 ,0 ,0 ,0 ,0 ,0 ,0 ,0 ,0 ,0 ,0 ,0 ,0 ,0 ,0 ,0 ,0 ,0 
A;PL;PC_GDP;OBJ02,0 ,0 ,0 ,0 ,0 ,0 ,0 ,0 ,0 ,0 ,0 ,0 ,0 ,0 ,0 ,0 ,0 ,0 
A;PT;PC_GDP;OBJ02,0 ,0 ,0 ,0 ,0 ,0 ,0 ,0 ,0 ,0 ,0 ,0 ,0 ,0 ,0 ,0 ,0 ,0 
A;RO;PC_GDP;OBJ02,0 ,0 ,0 ,0 ,0 ,0 ,0 ,0 ,0 ,0 ,0 ,0 ,0 ,0 ,0 ,0 ,0 ,0 
A;SE;PC_GDP;OBJ02,0 ,0 ,0 ,0 ,0 ,0 ,0 ,0 ,0 ,0 ,0 ,0 ,0 ,0 ,0 ,0 ,0 ,0 
A;SI;PC_GDP;OBJ02,0 ,0 ,0 ,0 ,0 ,0 ,0 ,0 ,0 ,0 ,0 ,0 ,0 ,0 ,0 ,0 ,0 ,0 
A;SK;PC_GDP;OBJ02,0 ,0 ,0 ,0 ,0 ,0 ,0 ,0 ,0 ,0 ,0 ,0 ,0 ,0 ,0 ,0 ,0 ,0 
A;UK;PC_GDP;OBJ02,0 ,0 ,0 ,0 ,0 ,0 ,0 ,0 ,0 ,0 ,0 ,0 ,0 ,0 ,0 ,0 ,0 ,0 
A;AT;PC_GDP;OBJ03,0 ,0 ,0 ,0 ,0 ,0 ,0 ,0 ,0 ,0.031 ,0.034 ,0.165 ,0.165 ,0.141 ,0.017 ,0.153 ,0.149 ,0.142 
A;BE;PC_GDP;OBJ03,0 ,0 ,0 ,0 ,0 ,0 ,0 ,0 ,0 ,0.042 ,0.043 ,0.013 ,0.007 ,0.015 ,0.018 ,0.006 ,0.008 ,0.009 
A;BG;PC_GDP;OBJ03,0 ,0 ,0 ,0 ,0 ,0 ,0 ,0 ,0 ,0 ,0 ,0 ,0 ,0 ,0 ,0 ,0.075 ,0.085 
A;CY;PC_GDP;OBJ03,0 ,0 ,0 ,0 ,0 ,0 ,0 ,0 ,0 ,0 ,0 ,0 ,0 ,0 ,0 ,0 ,0 ,0 
A;CZ;PC_GDP;OBJ03,0 ,0 ,0 ,0 ,0 ,0 ,0 ,0 ,0 ,0 ,0.009 ,0.011 ,0.012 ,0.017 ,0.018 ,0.023 ,0.02 ,0.065 
A;DE;PC_GDP;OBJ03,0 ,0 ,0 ,0 ,0 ,0 ,0 ,0 ,0 ,0.008 ,0.008 ,0.108 ,0.129 ,0.144 ,0.145 ,0.135 ,0.136 ,0.134 
A;DK;PC_GDP;OBJ03,0 ,0 ,0 ,0 ,0 ,0 ,0 ,0 ,0 ,0.002 ,0.002 ,0.005 ,0.031 ,0.031 ,0.025 ,0.33 ,0.745 ,0.764 
A;EE;PC_GDP;OBJ03,0 ,0 ,0 ,0 ,0 ,0 ,0 ,0 ,0 ,0 ,0 ,0.004 ,0.04 ,0.017 ,0.008 ,0.182 ,0.231 ,0.29 
A;EL;PC_GDP;OBJ03,0 ,0 ,0 ,0 ,0 ,0 ,0 ,0 ,0 ,0 ,0 ,0 ,0 ,0 ,0 ,0 ,0 ,0.001 
A;ES;PC_GDP;OBJ03,0 ,0 ,0 ,0 ,0 ,0 ,0 ,0 ,0 ,0.016 ,0.007 ,0.006 ,0.001 ,0.002 ,0.005 ,0.002 ,0.032 ,0.007 
A;EU28;PC_GDP;OBJ03,0 ,0 ,0 ,0 ,0 ,0 ,0 ,0 ,0 ,0.005 ,0.005 ,0.038 ,0.055 ,0.059 ,0.055 ,0.071 ,0.088 ,0.09 
A;FI;PC_GDP;OBJ03,0 ,0 ,0 ,0 ,0 ,0 ,0 ,0 ,0 ,0 ,0 ,0.231 ,0.266 ,0.312 ,0.396 ,0.42 ,0.463 ,0.465 
A;FR;PC_GDP;OBJ03,0 ,0 ,0 ,0 ,0 ,0 ,0 ,0 ,0 ,0.001 ,0.001 ,0.001 ,0.003 ,0.001 ,0.001 ,0.054 ,0.061 ,0.069 
A;HR;PC_GDP;OBJ03,0 ,0 ,0 ,0 ,0 ,0 ,0 ,0 ,0 ,0 ,0 ,0 ,0 ,0 ,0.019 ,0.013 ,0.018 ,0.022 
A;HU;PC_GDP;OBJ03,0 ,0 ,0 ,0 ,0 ,0 ,0 ,0 ,0 ,0 ,0 ,0 ,0.039 ,0.043 ,0.037 ,0.058 ,0.028 ,0.118 
A;IE;PC_GDP;OBJ03,0 ,0 ,0 ,0 ,0 ,0 ,0 ,0 ,0 ,0.003 ,0.005 ,0.009 ,0.007 ,0.007 ,0.021 ,0.005 ,0.001 ,0.01 
A;IT;PC_GDP;OBJ03,0 ,0 ,0 ,0 ,0 ,0 ,0 ,0 ,0 ,0 ,0 ,0.001 ,0.003 ,0.002 ,0.004 ,0 ,0.001 ,0.004 
A;LT;PC_GDP;OBJ03,0 ,0 ,0 ,0 ,0 ,0 ,0 ,0 ,0 ,0 ,0 ,0 ,0 ,0 ,0 ,0.227 ,0.25 ,0.272 
A;LU;PC_GDP;OBJ03,0 ,0 ,0 ,0 ,0 ,0 ,0 ,0 ,0 ,0 ,0.002 ,0.057 ,0.015 ,0.007 ,0.02 ,0.05 ,0.039 ,0.001 
A;LV;PC_GDP;OBJ03,0 ,0 ,0 ,0 ,0 ,0 ,0 ,0 ,0 ,0 ,0 ,0.033 ,0.055 ,0.045 ,0.065 ,0.154 ,0.16 ,0.135 
A;MT;PC_GDP;OBJ03,0 ,0 ,0 ,0 ,0 ,0 ,0 ,0 ,0 ,0 ,0 ,0 ,0 ,0 ,0 ,0 ,0.001 ,0.006 
A;NL;PC_GDP;OBJ03,0 ,0 ,0 ,0 ,0 ,0 ,0 ,0 ,0 ,0.001 ,0 ,0.003 ,0.005 ,0.006 ,0.013 ,0.005 ,0.011 ,0.013 
A;PL;PC_GDP;OBJ03,0 ,0 ,0 ,0 ,0 ,0 ,0 ,0 ,0 ,0.001 ,0 ,0.001 ,0.001 ,0.001 ,0.001 ,0.045 ,0.062 ,0.175 
A;PT;PC_GDP;OBJ03,0 ,0 ,0 ,0 ,0 ,0 ,0 ,0 ,0 ,0 ,0.001 ,0.001 ,0.006 ,0 ,0 ,0 ,0 ,0 
A;RO;PC_GDP;OBJ03,0 ,0 ,0 ,0 ,0 ,0 ,0 ,0 ,0 ,0 ,0 ,0 ,0 ,0.002 ,0 ,0.055 ,0.088 ,0.068 
A;SE;PC_GDP;OBJ03,0 ,0 ,0 ,0 ,0 ,0 ,0 ,0 ,0 ,0 ,0.001 ,0.142 ,0.515 ,0.514 ,0.465 ,0.438 ,0.466 ,0.403 
A;SI;PC_GDP;OBJ03,0 ,0 ,0 ,0 ,0 ,0 ,0 ,0 ,0 ,0 ,0 ,0 ,0.001 ,0.042 ,0.068 ,0.072 ,0.056 ,0.044 
A;SK;PC_GDP;OBJ03,0 ,0 ,0 ,0 ,0 ,0 ,0 ,0 ,0 ,0 ,0 ,0 ,0 ,0.001 ,0.005 ,0.011 ,0.003 ,0 
A;UK;PC_GDP;OBJ03,0 ,0 ,0 ,0 ,0 ,0 ,0 ,0 ,0 ,0 ,0.004 ,0.016 ,0.013 ,0.011 ,0.001 ,0.007 ,0.018 ,0.018 
A;AT;PC_GDP;OBJ04,0 ,0 ,0 ,0 ,0 ,0 ,0 ,0 ,0 ,0 ,0 ,0 ,0 ,0 ,0 ,0 ,0 ,0 
A;BE;PC_GDP;OBJ04,0 ,0 ,0 ,0 ,0 ,0 ,0 ,0 ,0 ,0 ,0 ,0 ,0 ,0 ,0 ,0 ,0 ,0 
A;BG;PC_GDP;OBJ04,0 ,0 ,0 ,0 ,0 ,0 ,0 ,0 ,0 ,0 ,0 ,0 ,0 ,0 ,0 ,0 ,0 ,0 
A;CY;PC_GDP;OBJ04,0 ,0 ,0 ,0 ,0 ,0 ,0 ,0 ,0 ,0 ,0 ,0 ,0 ,0 ,0 ,0 ,0 ,0 
A;CZ;PC_GDP;OBJ04,0 ,0 ,0 ,0 ,0 ,0 ,0 ,0 ,0 ,0 ,0 ,0 ,0 ,0 ,0 ,0 ,0 ,0 
A;DE;PC_GDP;OBJ04,0 ,0 ,0 ,0 ,0 ,0 ,0 ,0 ,0 ,0 ,0 ,0 ,0 ,0 ,0 ,0 ,0 ,0 
A;DK;PC_GDP;OBJ04,0 ,0 ,0 ,0 ,0 ,0 ,0 ,0 ,0 ,0 ,0 ,0 ,0 ,0 ,0 ,0 ,0 ,0 
A;EE;PC_GDP;OBJ04,0 ,0 ,0 ,0 ,0 ,0 ,0 ,0 ,0 ,0 ,0 ,0 ,0 ,0 ,0 ,0 ,0 ,0 
A;EL;PC_GDP;OBJ04,0 ,0 ,0 ,0 ,0 ,0 ,0 ,0 ,0 ,0 ,0 ,0 ,0 ,0 ,0 ,0 ,0 ,0 
A;ES;PC_GDP;OBJ04,0 ,0 ,0 ,0 ,0 ,0 ,0 ,0 ,0 ,0 ,0 ,0 ,0 ,0 ,0 ,0 ,0 ,0 
A;EU28;PC_GDP;OBJ04,0 ,0 ,0 ,0 ,0 ,0 ,0 ,0 ,0 ,0 ,0 ,0 ,0 ,0 ,0 ,0 ,0 ,0 
A;FI;PC_GDP;OBJ04,0 ,0 ,0 ,0 ,0 ,0 ,0 ,0 ,0 ,0 ,0 ,0 ,0 ,0 ,0 ,0 ,0 ,0 
A;FR;PC_GDP;OBJ04,0 ,0 ,0 ,0 ,0 ,0 ,0 ,0 ,0 ,0 ,0 ,0 ,0 ,0 ,0 ,0 ,0 ,0 
A;HR;PC_GDP;OBJ04,0 ,0 ,0 ,0 ,0 ,0 ,0 ,0 ,0 ,0 ,0 ,0 ,0 ,0 ,0 ,0 ,0 ,0 
A;HU;PC_GDP;OBJ04,0 ,0 ,0 ,0 ,0 ,0 ,0 ,0 ,0 ,0 ,0 ,0 ,0 ,0 ,0 ,0 ,0 ,0 
A;IE;PC_GDP;OBJ04,0 ,0 ,0 ,0 ,0 ,0 ,0 ,0 ,0 ,0 ,0 ,0 ,0 ,0 ,0 ,0 ,0 ,0 
A;IT;PC_GDP;OBJ04,0 ,0 ,0 ,0 ,0 ,0 ,0 ,0 ,0 ,0 ,0 ,0 ,0 ,0 ,0 ,0 ,0 ,0 
A;LT;PC_GDP;OBJ04,0 ,0 ,0 ,0 ,0 ,0 ,0 ,0 ,0 ,0 ,0 ,0 ,0 ,0 ,0 ,0 ,0 ,0 
A;LU;PC_GDP;OBJ04,0 ,0 ,0 ,0 ,0 ,0 ,0 ,0 ,0 ,0 ,0 ,0 ,0 ,0 ,0 ,0 ,0 ,0 
A;LV;PC_GDP;OBJ04,0 ,0 ,0 ,0 ,0 ,0 ,0 ,0 ,0 ,0 ,0 ,0 ,0 ,0 ,0 ,0 ,0 ,0 
A;MT;PC_GDP;OBJ04,0 ,0 ,0 ,0 ,0 ,0 ,0 ,0 ,0 ,0 ,0 ,0 ,0 ,0 ,0 ,0 ,0 ,0 
A;NL;PC_GDP;OBJ04,0 ,0 ,0 ,0 ,0 ,0 ,0 ,0 ,0 ,0 ,0 ,0 ,0 ,0 ,0 ,0 ,0 ,0 
A;PL;PC_GDP;OBJ04,0 ,0 ,0 ,0 ,0 ,0 ,0 ,0 ,0 ,0 ,0 ,0 ,0 ,0 ,0 ,0 ,0 ,0 
A;PT;PC_GDP;OBJ04,0 ,0 ,0 ,0 ,0 ,0 ,0 ,0 ,0 ,0 ,0 ,0 ,0 ,0 ,0 ,0 ,0 ,0 
A;RO;PC_GDP;OBJ04,0 ,0 ,0 ,0 ,0 ,0 ,0 ,0 ,0 ,0 ,0 ,0 ,0 ,0 ,0 ,0 ,0 ,0 
A;SE;PC_GDP;OBJ04,0 ,0 ,0 ,0 ,0 ,0 ,0 ,0 ,0 ,0 ,0 ,0 ,0 ,0 ,0 ,0 ,0 ,0 
A;SI;PC_GDP;OBJ04,0 ,0 ,0 ,0 ,0 ,0 ,0 ,0 ,0 ,0 ,0 ,0 ,0 ,0 ,0 ,0 ,0 ,0 
A;SK;PC_GDP;OBJ04,0 ,0 ,0 ,0 ,0 ,0 ,0 ,0 ,0 ,0 ,0 ,0 ,0 ,0 ,0 ,0 ,0 ,0 
A;UK;PC_GDP;OBJ04,0 ,0 ,0 ,0 ,0 ,0 ,0 ,0 ,0 ,0 ,0 ,0 ,0 ,0 ,0 ,0 ,0 ,0 
A;AT;PC_GDP;OBJ05,0 ,0 ,0 ,0 ,0 ,0 ,0 ,0 ,0 ,0 ,0 ,0 ,0 ,0 ,0.001 ,0.001 ,0 ,0 
A;BE;PC_GDP;OBJ05,0 ,0 ,0 ,0 ,0 ,0.003 ,0.004 ,0.006 ,0.007 ,0.025 ,0.028 ,0.027 ,0.029 ,0.031 ,0.034 ,0.033 ,0.031 ,0.027 
A;BG;PC_GDP;OBJ05,0 ,0 ,0 ,0 ,0 ,0 ,0 ,0 ,0 ,0 ,0.009 ,0 ,0.019 ,0.023 ,0.004 ,0 ,0 ,0.001 
A;CY;PC_GDP;OBJ05,0 ,0 ,0 ,0 ,0 ,0 ,0 ,0.006 ,0.005 ,0.001 ,0.001 ,0.002 ,0.002 ,0.001 ,0 ,0 ,0 ,0 
A;CZ;PC_GDP;OBJ05,0 ,0 ,0 ,0 ,0 ,0 ,0.002 ,0 ,0 ,0 ,0 ,0 ,0 ,0 ,0 ,0 ,0 ,0 
A;DE;PC_GDP;OBJ05,0 ,0 ,0 ,0 ,0.001 ,0.001 ,0.001 ,0.001 ,0 ,0 ,0 ,0 ,0 ,0 ,0 ,0 ,0 ,0 
A;DK;PC_GDP;OBJ05,0 ,0 ,0 ,0 ,0 ,0 ,0 ,0 ,0 ,0 ,0.04 ,0.062 ,0.052 ,0.057 ,0.045 ,0.035 ,0.037 ,0.035 
A;EE;PC_GDP;OBJ05,0 ,0 ,0 ,0 ,0 ,0.001 ,0.002 ,0.002 ,0.001 ,0.001 ,0.001 ,0 ,0 ,0.017 ,0.01 ,0 ,0 ,0 
A;EL;PC_GDP;OBJ05,0 ,0 ,0 ,0 ,0.01 ,0.028 ,0.008 ,0.001 ,0 ,0 ,0 ,0 ,0 ,0 ,0.002 ,0.011 ,0.001 ,0.005 
A;ES;PC_GDP;OBJ05,0 ,0 ,0 ,0 ,0 ,0 ,0 ,0.001 ,0.001 ,0.002 ,0.004 ,0.003 ,0.003 ,0.005 ,0.004 ,0.006 ,0.004 ,0.005 
A;EU28;PC_GDP;OBJ05,0 ,0 ,0 ,0 ,0.002 ,0.004 ,0.005 ,0.006 ,0.012 ,0.01 ,0.011 ,0.01 ,0.011 ,0.012 ,0.012 ,0.011 ,0.01 ,0.011 
A;FI;PC_GDP;OBJ05,0 ,0 ,0 ,0 ,0 ,0 ,0 ,0 ,0 ,0 ,0.006 ,0.021 ,0.024 ,0.026 ,0.032 ,0.025 ,0.02 ,0.024 
A;FR;PC_GDP;OBJ05,0 ,0 ,0 ,0 ,0 ,0 ,0 ,0.001 ,0.001 ,0 ,0 ,0 ,0 ,0 ,0 ,0 ,0 ,0 
A;HR;PC_GDP;OBJ05,0 ,0 ,0 ,0 ,0 ,0 ,0 ,0 ,0 ,0 ,0 ,0 ,0 ,0 ,0.008 ,0.009 ,0.008 ,0.008 
A;HU;PC_GDP;OBJ05,0 ,0 ,0 ,0 ,0.009 ,0.004 ,0.046 ,0.113 ,0.563 ,0.215 ,0.18 ,0.166 ,0.168 ,0.128 ,0.035 ,0.102 ,0.104 ,0.105 
A;IE;PC_GDP;OBJ05,0 ,0 ,0 ,0 ,0 ,0 ,0 ,0 ,0 ,0 ,0 ,0 ,0 ,0 ,0 ,0 ,0 ,0 
A;IT;PC_GDP;OBJ05,0 ,0 ,0 ,0 ,0.001 ,0 ,0.001 ,0 ,0.007 ,0.013 ,0.01 ,0.005 ,0.006 ,0.01 ,0.018 ,0.017 ,0.01 ,0.021 
A;LT;PC_GDP;OBJ05,0 ,0 ,0 ,0 ,0 ,0.007 ,0.012 ,0.014 ,0.018 ,0.022 ,0.025 ,0.029 ,0.032 ,0.036 ,0.043 ,0.048 ,0.033 ,0.069 
A;LU;PC_GDP;OBJ05,0 ,0 ,0 ,0 ,0 ,0 ,0 ,0 ,0 ,0 ,0 ,0 ,0 ,0 ,0 ,0 ,0 ,0 
A;LV;PC_GDP;OBJ05,0 ,0 ,0 ,0 ,0 ,0 ,0 ,0 ,0.001 ,0.004 ,0.005 ,0.009 ,0.003 ,0.005 ,0.009 ,0 ,0 ,0 
A;MT;PC_GDP;OBJ05,0 ,0 ,0 ,0 ,0 ,0 ,0 ,0.004 ,0 ,0 ,0 ,0.091 ,0.092 ,0 ,0.051 ,0.006 ,0.031 ,0.025 
A;NL;PC_GDP;OBJ05,0 ,0 ,0 ,0 ,0 ,0 ,0.008 ,0.007 ,0.007 ,0 ,0 ,0 ,0 ,0 ,0 ,0 ,0 ,0 
A;PL;PC_GDP;OBJ05,0 ,0 ,0 ,0 ,0.049 ,0.124 ,0.152 ,0.154 ,0.204 ,0.198 ,0.199 ,0.176 ,0.183 ,0.196 ,0.176 ,0.162 ,0.16 ,0.16 
A;PT;PC_GDP;OBJ05,0 ,0 ,0 ,0 ,0 ,0 ,0 ,0 ,0 ,0 ,0.001 ,0.015 ,0.026 ,0.025 ,0.013 ,0.008 ,0.007 ,0 
A;RO;PC_GDP;OBJ05,0 ,0 ,0 ,0 ,0 ,0 ,0 ,0 ,0 ,0 ,0 ,0 ,0 ,0 ,0 ,0 ,0 ,0 
A;SE;PC_GDP;OBJ05,0 ,0 ,0 ,0 ,0 ,0.001 ,0.001 ,0.001 ,0.001 ,0.001 ,0 ,0 ,0 ,0 ,0 ,0 ,0.001 ,0.001 
A;SI;PC_GDP;OBJ05,0 ,0 ,0 ,0 ,0 ,0 ,0 ,0.009 ,0.004 ,0.034 ,0.048 ,0.036 ,0.221 ,0.268 ,0.292 ,0.23 ,0.222 ,0.228 
A;SK;PC_GDP;OBJ05,0 ,0 ,0 ,0 ,0 ,0.002 ,0.003 ,0.007 ,0.001 ,0 ,0 ,0 ,0 ,0.002 ,0.002 ,0.001 ,0.001 ,0.001 
A;UK;PC_GDP;OBJ05,0 ,0 ,0 ,0 ,0 ,0.001 ,0.001 ,0.001 ,0 ,0.001 ,0.001 ,0 ,0 ,0.001 ,0.003 ,0.001 ,0 ,0.001 
A;AT;PC_GDP;OBJ06,0 ,0 ,0.021 ,0.014 ,0.002 ,0.014 ,0.014 ,0.002 ,0.006 ,0.009 ,0.01 ,0.009 ,0.009 ,0.008 ,0.008 ,0.001 ,0.004 ,0.003 
A;BE;PC_GDP;OBJ06,0 ,0 ,0.008 ,0.004 ,0.014 ,0.013 ,0.007 ,0.007 ,0.013 ,0.017 ,0.011 ,0.013 ,0.01 ,0.011 ,0.008 ,0.008 ,0.011 ,0.01 
A;BG;PC_GDP;OBJ06,0 ,0 ,0 ,0 ,0 ,0 ,0 ,0.002 ,0 ,0 ,0.002 ,0 ,0 ,0 ,0 ,0 ,0 ,0 
A;CY;PC_GDP;OBJ06,0 ,0 ,0 ,0 ,0 ,0 ,0 ,0.01 ,0.04 ,0.041 ,0.056 ,0.089 ,0.099 ,0.075 ,0.048 ,0.039 ,0.002 ,0.002 
A;CZ;PC_GDP;OBJ06,0 ,0 ,0 ,0 ,0 ,0 ,0 ,0.007 ,0.002 ,0.007 ,0.008 ,0.004 ,0.004 ,0.001 ,0.002 ,0 ,0 ,0.001 
A;DE;PC_GDP;OBJ06,0 ,0.001 ,0.002 ,0.002 ,0.003 ,0.003 ,0.003 ,0.003 ,0.003 ,0.004 ,0.005 ,0.006 ,0.006 ,0.006 ,0.005 ,0.004 ,0.002 ,0.002 
A;DK;PC_GDP;OBJ06,0 ,0.002 ,0 ,0 ,0 ,0 ,0 ,0 ,0.001 ,0.003 ,0.002 ,0.003 ,0.002 ,0.001 ,0.001 ,0.004 ,0.001 ,0.001 
A;EE;PC_GDP;OBJ06,0 ,0 ,0 ,0 ,0 ,0.002 ,0.006 ,0.006 ,0.005 ,0.001 ,0 ,0 ,0 ,0 ,0 ,0.005 ,0 ,0 
A;EL;PC_GDP;OBJ06,0 ,0 ,0 ,0 ,0 ,0 ,0 ,0 ,0 ,0 ,0 ,0 ,0 ,0 ,0 ,0 ,0 ,0 
A;ES;PC_GDP;OBJ06,0 ,0.031 ,0.027 ,0.016 ,0.003 ,0.004 ,0.006 ,0.004 ,0.005 ,0.01 ,0.005 ,0.004 ,0 ,0.001 ,0 ,0.001 ,0.001 ,0.001 
A;EU28;PC_GDP;OBJ06,0 ,0.004 ,0.005 ,0.005 ,0.007 ,0.005 ,0.005 ,0.004 ,0.006 ,0.007 ,0.006 ,0.006 ,0.008 ,0.006 ,0.004 ,0.005 ,0.003 ,0.003 
A;FI;PC_GDP;OBJ06,0 ,0 ,0 ,0 ,0 ,0 ,0 ,0.006 ,0.005 ,0.008 ,0.014 ,0.015 ,0.004 ,0.004 ,0.003 ,0.002 ,0.001 ,0.001 
A;FR;PC_GDP;OBJ06,0 ,0 ,0 ,0 ,0 ,0 ,0 ,0.003 ,0 ,0.002 ,0 ,0.001 ,0 ,0 ,0.001 ,0.004 ,0.002 ,0.001 
A;HR;PC_GDP;OBJ06,0 ,0 ,0 ,0 ,0 ,0 ,0 ,0 ,0 ,0 ,0 ,0 ,0 ,0 ,0 ,0.06 ,0.048 ,0.048 
A;HU;PC_GDP;OBJ06,0 ,0 ,0 ,0 ,0.001 ,0 ,0 ,0.026 ,0.052 ,0.032 ,0.029 ,0.03 ,0.01 ,0.002 ,0.011 ,0.006 ,0.005 ,0.007 
A;IE;PC_GDP;OBJ06,0 ,0 ,0 ,0.001 ,0.003 ,0.005 ,0.01 ,0.014 ,0.023 ,0.021 ,0.021 ,0.017 ,0.015 ,0.013 ,0.014 ,0.012 ,0.011 ,0.013 
A;IT;PC_GDP;OBJ06,0 ,0.009 ,0.008 ,0.014 ,0.025 ,0.012 ,0.015 ,0.008 ,0.023 ,0.016 ,0.011 ,0.012 ,0.033 ,0.016 ,0.006 ,0.014 ,0.011 ,0.008 
A;LT;PC_GDP;OBJ06,0 ,0 ,0 ,0 ,0 ,0 ,0.013 ,0.049 ,0.051 ,0.003 ,0 ,0 ,0.006 ,0.004 ,0.003 ,0.002 ,0.002 ,0.009 
A;LU;PC_GDP;OBJ06,0 ,0 ,0 ,0 ,0 ,0 ,0 ,0 ,0 ,0 ,0 ,0 ,0 ,0 ,0 ,0 ,0 ,0 
A;LV;PC_GDP;OBJ06,0 ,0 ,0 ,0 ,0 ,0 ,0 ,0.002 ,0.003 ,0 ,0 ,0 ,0 ,0 ,0.034 ,0.024 ,0.007 ,0.012 
A;MT;PC_GDP;OBJ06,0 ,0 ,0 ,0 ,0 ,0 ,0.004 ,0.024 ,0.008 ,0.015 ,0.029 ,0.048 ,0.043 ,0.013 ,0 ,0.014 ,0 ,0.005 
A;NL;PC_GDP;OBJ06,0 ,0 ,0 ,0 ,0 ,0 ,0 ,0 ,0 ,0 ,0 ,0 ,0 ,0.001 ,0 ,0 ,0.001 ,0.011 
A;PL;PC_GDP;OBJ06,0 ,0 ,0 ,0 ,0.001 ,0.009 ,0.02 ,0.019 ,0.006 ,0.03 ,0.015 ,0.027 ,0.019 ,0.019 ,0.005 ,0 ,0 ,0 
A;PT;PC_GDP;OBJ06,0 ,0 ,0.009 ,0.017 ,0.052 ,0.017 ,0.005 ,0.008 ,0.005 ,0.005 ,0.004 ,0.003 ,0.007 ,0.002 ,0.002 ,0 ,0.001 ,0.001 
A;RO;PC_GDP;OBJ06,0 ,0 ,0 ,0 ,0 ,0 ,0 ,0 ,0 ,0 ,0 ,0 ,0 ,0 ,0 ,0 ,0 ,0 
A;SE;PC_GDP;OBJ06,0 ,0 ,0.001 ,0.001 ,0 ,0 ,0 ,0 ,0 ,0 ,0.005 ,0.005 ,0.006 ,0.004 ,0.003 ,0 ,0.001 ,0 
A;SI;PC_GDP;OBJ06,0 ,0 ,0 ,0 ,0 ,0 ,0.002 ,0.01 ,0.001 ,0.001 ,0.002 ,0 ,0.012 ,0.008 ,0.005 ,0.002 ,0 ,0.002 
A;SK;PC_GDP;OBJ06,0 ,0 ,0 ,0 ,0 ,0 ,0 ,0 ,0.001 ,0.012 ,0.022 ,0.002 ,0.005 ,0.002 ,0.001 ,0.007 ,0.006 ,0.004 
A;UK;PC_GDP;OBJ06,0 ,0 ,0.002 ,0.007 ,0.011 ,0.006 ,0.006 ,0.003 ,0.003 ,0.003 ,0.004 ,0.003 ,0.002 ,0.004 ,0.006 ,0.006 ,0.002 ,0.002 
A;AT;PC_GDP;OBJ07,0 ,0 ,0 ,0 ,0 ,0 ,0 ,0 ,0 ,0 ,0 ,0 ,0 ,0 ,0 ,0 ,0 ,0 
A;BE;PC_GDP;OBJ07,0 ,0 ,0 ,0 ,0 ,0 ,0 ,0 ,0 ,0 ,0 ,0 ,0 ,0 ,0 ,0 ,0 ,0 
A;BG;PC_GDP;OBJ07,0 ,0 ,0 ,0 ,0 ,0 ,0 ,0 ,0 ,0 ,0 ,0 ,0 ,0 ,0 ,0 ,0 ,0 
A;CY;PC_GDP;OBJ07,0 ,0 ,0 ,0 ,0 ,0 ,0 ,0 ,0 ,0 ,0 ,0 ,0 ,0 ,0 ,0 ,0 ,0 
A;CZ;PC_GDP;OBJ07,0 ,0 ,0 ,0 ,0 ,0 ,0 ,0 ,0 ,0 ,0 ,0 ,0 ,0 ,0 ,0 ,0 ,0 
A;DE;PC_GDP;OBJ07,0 ,0 ,0 ,0 ,0 ,0 ,0 ,0 ,0 ,0 ,0 ,0 ,0 ,0 ,0 ,0 ,0 ,0 
A;DK;PC_GDP;OBJ07,0 ,0 ,0 ,0 ,0 ,0 ,0 ,0 ,0 ,0 ,0 ,0 ,0 ,0 ,0 ,0 ,0 ,0 
A;EE;PC_GDP;OBJ07,0 ,0 ,0 ,0 ,0 ,0 ,0 ,0 ,0 ,0 ,0 ,0 ,0 ,0 ,0 ,0 ,0 ,0 
A;EL;PC_GDP;OBJ07,0 ,0 ,0 ,0 ,0 ,0 ,0 ,0 ,0 ,0 ,0 ,0 ,0 ,0 ,0 ,0 ,0 ,0 
A;ES;PC_GDP;OBJ07,0 ,0 ,0 ,0 ,0 ,0 ,0 ,0 ,0 ,0 ,0 ,0 ,0 ,0 ,0 ,0 ,0 ,0 
A;EU28;PC_GDP;OBJ07,0 ,0 ,0 ,0 ,0 ,0 ,0 ,0 ,0 ,0 ,0 ,0 ,0 ,0 ,0 ,0 ,0 ,0 
A;FI;PC_GDP;OBJ07,0 ,0 ,0 ,0 ,0 ,0 ,0 ,0 ,0 ,0 ,0 ,0 ,0 ,0 ,0 ,0 ,0 ,0 
A;FR;PC_GDP;OBJ07,0 ,0 ,0 ,0 ,0 ,0 ,0 ,0 ,0 ,0 ,0 ,0 ,0 ,0 ,0 ,0 ,0 ,0 
A;HR;PC_GDP;OBJ07,0 ,0 ,0 ,0 ,0 ,0 ,0 ,0 ,0 ,0 ,0 ,0 ,0 ,0 ,0 ,0 ,0 ,0 
A;HU;PC_GDP;OBJ07,0 ,0 ,0 ,0 ,0 ,0 ,0 ,0 ,0 ,0 ,0 ,0 ,0 ,0 ,0 ,0 ,0 ,0 
A;IE;PC_GDP;OBJ07,0 ,0 ,0 ,0 ,0 ,0 ,0 ,0 ,0 ,0 ,0 ,0 ,0 ,0 ,0 ,0 ,0 ,0 
A;IT;PC_GDP;OBJ07,0 ,0 ,0 ,0 ,0 ,0 ,0 ,0 ,0 ,0 ,0 ,0 ,0 ,0 ,0 ,0 ,0 ,0 
A;LT;PC_GDP;OBJ07,0 ,0 ,0 ,0 ,0 ,0 ,0 ,0 ,0 ,0 ,0 ,0 ,0 ,0 ,0 ,0 ,0 ,0 
A;LU;PC_GDP;OBJ07,0 ,0 ,0 ,0 ,0 ,0 ,0 ,0 ,0 ,0 ,0 ,0 ,0 ,0 ,0 ,0 ,0 ,0 
A;LV;PC_GDP;OBJ07,0 ,0 ,0 ,0 ,0 ,0 ,0 ,0 ,0 ,0 ,0 ,0 ,0 ,0 ,0 ,0 ,0 ,0 
A;MT;PC_GDP;OBJ07,0 ,0 ,0 ,0 ,0 ,0 ,0 ,0 ,0 ,0 ,0 ,0 ,0 ,0 ,0 ,0 ,0 ,0 
A;NL;PC_GDP;OBJ07,0 ,0 ,0 ,0 ,0 ,0 ,0 ,0 ,0 ,0 ,0 ,0 ,0 ,0 ,0 ,0 ,0 ,0 
A;PL;PC_GDP;OBJ07,0 ,0 ,0 ,0 ,0 ,0 ,0 ,0 ,0 ,0 ,0 ,0 ,0 ,0 ,0 ,0 ,0 ,0 
A;PT;PC_GDP;OBJ07,0 ,0 ,0 ,0 ,0 ,0 ,0 ,0 ,0 ,0 ,0 ,0 ,0 ,0 ,0 ,0 ,0 ,0 
A;RO;PC_GDP;OBJ07,0 ,0 ,0 ,0 ,0 ,0 ,0 ,0 ,0 ,0 ,0 ,0 ,0 ,0 ,0 ,0 ,0 ,0 
A;SE;PC_GDP;OBJ07,0 ,0 ,0 ,0 ,0 ,0 ,0 ,0 ,0 ,0 ,0 ,0 ,0 ,0 ,0 ,0 ,0 ,0 
A;SI;PC_GDP;OBJ07,0 ,0 ,0 ,0 ,0 ,0 ,0 ,0 ,0 ,0 ,0 ,0 ,0 ,0 ,0 ,0 ,0 ,0 
A;SK;PC_GDP;OBJ07,0 ,0 ,0 ,0 ,0 ,0 ,0 ,0 ,0 ,0 ,0 ,0 ,0 ,0 ,0 ,0 ,0 ,0 
A;UK;PC_GDP;OBJ07,0 ,0 ,0 ,0 ,0 ,0 ,0 ,0 ,0 ,0 ,0 ,0 ,0 ,0 ,0 ,0 ,0 ,0 
A;AT;PC_GDP;OBJ08,0 ,0 ,0 ,0 ,0 ,0 ,0 ,0 ,0 ,0 ,0 ,0 ,0 ,0 ,0 ,0 ,0 ,0 
A;BE;PC_GDP;OBJ08,0 ,0 ,0 ,0 ,0 ,0 ,0 ,0 ,0 ,0 ,0 ,0 ,0 ,0 ,0 ,0 ,0 ,0 
A;BG;PC_GDP;OBJ08,0 ,0 ,0 ,0 ,0 ,0 ,0 ,0 ,0 ,0 ,0 ,0 ,0 ,0 ,0 ,0 ,0 ,0 
A;CY;PC_GDP;OBJ08,0 ,0 ,0 ,0 ,0 ,0 ,0 ,0 ,0 ,0 ,0 ,0 ,0 ,0 ,0 ,0 ,0 ,0 
A;CZ;PC_GDP;OBJ08,0 ,0 ,0 ,0 ,0 ,0 ,0 ,0 ,0 ,0 ,0 ,0 ,0 ,0 ,0 ,0 ,0 ,0 
A;DE;PC_GDP;OBJ08,0 ,0 ,0 ,0 ,0 ,0 ,0 ,0 ,0 ,0 ,0 ,0 ,0 ,0 ,0 ,0 ,0 ,0 
A;DK;PC_GDP;OBJ08,0 ,0 ,0 ,0 ,0 ,0 ,0 ,0 ,0 ,0 ,0 ,0 ,0 ,0 ,0 ,0 ,0 ,0 
A;EE;PC_GDP;OBJ08,0 ,0 ,0 ,0 ,0 ,0 ,0 ,0 ,0 ,0 ,0 ,0 ,0 ,0 ,0 ,0 ,0 ,0 
A;EL;PC_GDP;OBJ08,0 ,0 ,0 ,0 ,0 ,0 ,0 ,0 ,0 ,0 ,0 ,0 ,0 ,0 ,0 ,0 ,0 ,0 
A;ES;PC_GDP;OBJ08,0 ,0 ,0 ,0 ,0 ,0 ,0 ,0 ,0 ,0 ,0 ,0 ,0 ,0 ,0 ,0 ,0 ,0 
A;EU28;PC_GDP;OBJ08,0 ,0 ,0 ,0 ,0 ,0 ,0 ,0 ,0 ,0 ,0 ,0 ,0 ,0 ,0 ,0 ,0 ,0 
A;FI;PC_GDP;OBJ08,0 ,0 ,0 ,0 ,0 ,0 ,0 ,0 ,0 ,0 ,0 ,0 ,0 ,0 ,0 ,0 ,0 ,0 
A;FR;PC_GDP;OBJ08,0 ,0 ,0 ,0 ,0 ,0 ,0 ,0 ,0 ,0 ,0 ,0 ,0 ,0 ,0 ,0 ,0 ,0 
A;HR;PC_GDP;OBJ08,0 ,0 ,0 ,0 ,0 ,0 ,0 ,0 ,0 ,0 ,0 ,0 ,0 ,0 ,0 ,0 ,0 ,0 
A;HU;PC_GDP;OBJ08,0 ,0 ,0 ,0 ,0 ,0 ,0 ,0 ,0 ,0 ,0 ,0 ,0 ,0 ,0 ,0 ,0 ,0 
A;IE;PC_GDP;OBJ08,0 ,0 ,0 ,0 ,0 ,0 ,0 ,0 ,0 ,0 ,0 ,0 ,0 ,0 ,0 ,0 ,0 ,0 
A;IT;PC_GDP;OBJ08,0 ,0 ,0 ,0 ,0 ,0 ,0 ,0 ,0 ,0 ,0 ,0 ,0 ,0 ,0 ,0 ,0 ,0 
A;LT;PC_GDP;OBJ08,0 ,0 ,0 ,0 ,0 ,0 ,0 ,0 ,0 ,0 ,0 ,0 ,0 ,0 ,0 ,0 ,0 ,0 
A;LU;PC_GDP;OBJ08,0 ,0 ,0 ,0 ,0 ,0 ,0 ,0 ,0 ,0 ,0 ,0 ,0 ,0 ,0 ,0 ,0 ,0 
A;LV;PC_GDP;OBJ08,0 ,0 ,0 ,0 ,0 ,0 ,0 ,0 ,0 ,0 ,0 ,0 ,0 ,0 ,0 ,0 ,0 ,0 
A;MT;PC_GDP;OBJ08,0 ,0 ,0 ,0 ,0 ,0 ,0 ,0 ,0 ,0 ,0 ,0 ,0 ,0 ,0 ,0 ,0 ,0 
A;NL;PC_GDP;OBJ08,0 ,0 ,0 ,0 ,0 ,0 ,0 ,0 ,0 ,0 ,0 ,0 ,0 ,0 ,0 ,0 ,0 ,0 
A;PL;PC_GDP;OBJ08,0 ,0 ,0 ,0 ,0 ,0 ,0 ,0 ,0 ,0 ,0 ,0 ,0 ,0 ,0 ,0 ,0 ,0 
A;PT;PC_GDP;OBJ08,0 ,0 ,0 ,0 ,0 ,0 ,0 ,0 ,0 ,0 ,0 ,0 ,0 ,0 ,0 ,0 ,0 ,0 
A;RO;PC_GDP;OBJ08,0 ,0 ,0 ,0 ,0 ,0 ,0 ,0 ,0 ,0 ,0 ,0 ,0 ,0 ,0 ,0 ,0 ,0 
A;SE;PC_GDP;OBJ08,0 ,0 ,0 ,0 ,0 ,0 ,0 ,0 ,0 ,0 ,0 ,0 ,0 ,0 ,0 ,0 ,0 ,0 
A;SI;PC_GDP;OBJ08,0 ,0 ,0 ,0 ,0 ,0 ,0 ,0 ,0 ,0 ,0 ,0 ,0 ,0 ,0 ,0 ,0 ,0 
A;SK;PC_GDP;OBJ08,0 ,0 ,0 ,0 ,0 ,0 ,0 ,0 ,0 ,0 ,0 ,0 ,0 ,0 ,0 ,0 ,0 ,0 
A;UK;PC_GDP;OBJ08,0 ,0 ,0 ,0 ,0 ,0 ,0 ,0 ,0 ,0 ,0 ,0 ,0 ,0 ,0 ,0 ,0 ,0 
A;AT;PC_GDP;OBJ09,0 ,0 ,0 ,0 ,0 ,0 ,0 ,0 ,0 ,0 ,0 ,0 ,0 ,0.005 ,0.006 ,0.016 ,0.018 ,0.019 
A;BE;PC_GDP;OBJ09,0 ,0 ,0 ,0 ,0 ,0 ,0 ,0 ,0 ,0 ,0 ,0 ,0 ,0 ,0.073 ,0.091 ,0.097 ,0.106 
A;BG;PC_GDP;OBJ09,0 ,0 ,0 ,0 ,0 ,0 ,0 ,0 ,0 ,0 ,0 ,0 ,0 ,0 ,0 ,0.003 ,0.003 ,0.001 
A;CY;PC_GDP;OBJ09,0 ,0 ,0 ,0 ,0 ,0 ,0 ,0 ,0 ,0 ,0 ,0 ,0 ,0 ,0 ,0 ,0 ,0 
A;CZ;PC_GDP;OBJ09,0 ,0 ,0 ,0 ,0 ,0 ,0 ,0 ,0 ,0 ,0 ,0 ,0 ,0 ,0.002 ,0.007 ,0.013 ,0.041 
A;DE;PC_GDP;OBJ09,0 ,0 ,0 ,0 ,0 ,0 ,0 ,0 ,0 ,0 ,0 ,0 ,0 ,0 ,0.001 ,0.022 ,0.021 ,0.014 
A;DK;PC_GDP;OBJ09,0 ,0 ,0 ,0 ,0 ,0 ,0 ,0 ,0 ,0 ,0 ,0 ,0 ,0 ,0 ,0.007 ,0.01 ,0.01 
A;EE;PC_GDP;OBJ09,0 ,0 ,0 ,0 ,0 ,0 ,0 ,0 ,0 ,0 ,0 ,0 ,0 ,0 ,0 ,0.001 ,0.007 ,0.147 
A;EL;PC_GDP;OBJ09,0 ,0 ,0 ,0 ,0 ,0 ,0 ,0 ,0 ,0 ,0 ,0 ,0 ,0 ,0 ,0 ,0 ,0 
A;ES;PC_GDP;OBJ09,0 ,0 ,0 ,0 ,0 ,0 ,0 ,0 ,0 ,0 ,0 ,0 ,0 ,0 ,0 ,0.008 ,0.009 ,0.012 
A;EU28;PC_GDP;OBJ09,0 ,0 ,0 ,0 ,0 ,0 ,0 ,0 ,0 ,0 ,0.001 ,0 ,0 ,0 ,0.003 ,0.011 ,0.019 ,0.023 
A;FI;PC_GDP;OBJ09,0 ,0 ,0 ,0 ,0 ,0 ,0 ,0 ,0 ,0 ,0 ,0 ,0 ,0 ,0 ,0.011 ,0.014 ,0.018 
A;FR;PC_GDP;OBJ09,0 ,0 ,0 ,0 ,0 ,0 ,0 ,0 ,0 ,0 ,0 ,0 ,0 ,0 ,0 ,0.011 ,0.025 ,0.032 
A;HR;PC_GDP;OBJ09,0 ,0 ,0 ,0 ,0 ,0 ,0 ,0 ,0 ,0 ,0 ,0 ,0 ,0 ,0 ,0.028 ,0.025 ,0.115 
A;HU;PC_GDP;OBJ09,0 ,0 ,0 ,0 ,0 ,0 ,0 ,0 ,0 ,0 ,0 ,0 ,0 ,0 ,0 ,0.012 ,0.285 ,0.497 
A;IE;PC_GDP;OBJ09,0 ,0 ,0 ,0 ,0 ,0 ,0 ,0 ,0 ,0 ,0 ,0 ,0 ,0 ,0 ,0.006 ,0.01 ,0.009 
A;IT;PC_GDP;OBJ09,0 ,0 ,0 ,0 ,0 ,0 ,0 ,0 ,0 ,0 ,0 ,0 ,0 ,0 ,0.001 ,0.001 ,0.006 ,0.004 
A;LT;PC_GDP;OBJ09,0 ,0 ,0 ,0 ,0 ,0 ,0 ,0 ,0 ,0 ,0 ,0 ,0 ,0 ,0 ,0.044 ,0.455 ,0.464 
A;LU;PC_GDP;OBJ09,0 ,0 ,0 ,0 ,0 ,0 ,0 ,0 ,0 ,0 ,0 ,0 ,0 ,0 ,0 ,0 ,0 ,0 
A;LV;PC_GDP;OBJ09,0 ,0 ,0 ,0 ,0 ,0 ,0 ,0 ,0 ,0 ,0 ,0 ,0 ,0 ,0 ,0.001 ,0.008 ,0.026 
A;MT;PC_GDP;OBJ09,0 ,0 ,0 ,0 ,0 ,0 ,0 ,0 ,0 ,0 ,0 ,0 ,0 ,0 ,0.059 ,0.185 ,0.052 ,0.066 
A;NL;PC_GDP;OBJ09,0 ,0 ,0 ,0 ,0 ,0 ,0 ,0 ,0 ,0 ,0 ,0 ,0 ,0 ,0 ,0.006 ,0.009 ,0.011 
A;PL;PC_GDP;OBJ09,0 ,0 ,0 ,0 ,0 ,0 ,0 ,0 ,0 ,0 ,0.035 ,0 ,0 ,0 ,0.007 ,0 ,0.016 ,0.067 
A;PT;PC_GDP;OBJ09,0 ,0 ,0 ,0 ,0 ,0 ,0 ,0 ,0 ,0 ,0 ,0 ,0 ,0 ,0 ,0 ,0 ,0 
A;RO;PC_GDP;OBJ09,0 ,0 ,0 ,0 ,0 ,0 ,0 ,0 ,0 ,0 ,0 ,0 ,0 ,0 ,0 ,0 ,0.003 ,0.003 
A;SE;PC_GDP;OBJ09,0 ,0 ,0 ,0 ,0 ,0 ,0 ,0 ,0 ,0 ,0 ,0 ,0 ,0 ,0 ,0 ,0.01 ,0.011 
A;SI;PC_GDP;OBJ09,0 ,0 ,0 ,0 ,0 ,0 ,0 ,0 ,0 ,0 ,0 ,0 ,0 ,0 ,0 ,0 ,0.003 ,0.008 
A;SK;PC_GDP;OBJ09,0 ,0 ,0 ,0 ,0 ,0 ,0 ,0 ,0 ,0 ,0 ,0 ,0 ,0 ,0.003 ,0.003 ,0.006 ,0.012 
A;UK;PC_GDP;OBJ09,0 ,0 ,0 ,0 ,0 ,0 ,0 ,0 ,0 ,0 ,0 ,0 ,0 ,0 ,0 ,0.003 ,0.003 ,0.004 
A;AT;PC_GDP;OBJ10,0 ,0 ,0 ,0 ,0 ,0 ,0 ,0 ,0 ,0 ,0 ,0 ,0 ,0 ,0 ,0 ,0 ,0 
A;BE;PC_GDP;OBJ10,0 ,0 ,0 ,0 ,0 ,0 ,0 ,0 ,0 ,0 ,0 ,0 ,0 ,0 ,0 ,0 ,0 ,0 
A;BG;PC_GDP;OBJ10,0 ,0 ,0 ,0 ,0 ,0 ,0 ,0 ,0 ,0 ,0 ,0 ,0 ,0 ,0 ,0 ,0 ,0 
A;CY;PC_GDP;OBJ10,0 ,0 ,0 ,0 ,0 ,0 ,0 ,0 ,0 ,0 ,0 ,0 ,0 ,0 ,0 ,0 ,0 ,0 
A;CZ;PC_GDP;OBJ10,0 ,0 ,0 ,0 ,0 ,0 ,0 ,0 ,0 ,0 ,0 ,0 ,0 ,0 ,0 ,0 ,0 ,0 
A;DE;PC_GDP;OBJ10,0 ,0 ,0 ,0 ,0 ,0 ,0 ,0 ,0 ,0 ,0 ,0 ,0 ,0 ,0 ,0 ,0 ,0 
A;DK;PC_GDP;OBJ10,0 ,0 ,0 ,0 ,0 ,0 ,0 ,0 ,0 ,0 ,0 ,0 ,0 ,0 ,0 ,0 ,0 ,0 
A;EE;PC_GDP;OBJ10,0 ,0 ,0 ,0 ,0 ,0 ,0 ,0 ,0 ,0 ,0 ,0 ,0 ,0 ,0 ,0 ,0 ,0 
A;EL;PC_GDP;OBJ10,0 ,0 ,0 ,0 ,0 ,0 ,0 ,0 ,0 ,0 ,0 ,0 ,0 ,0 ,0 ,0 ,0 ,0 
A;ES;PC_GDP;OBJ10,0 ,0 ,0 ,0 ,0 ,0 ,0 ,0 ,0 ,0 ,0 ,0 ,0 ,0 ,0 ,0 ,0 ,0 
A;EU28;PC_GDP;OBJ10,0 ,0 ,0 ,0 ,0 ,0 ,0 ,0 ,0 ,0 ,0 ,0 ,0 ,0 ,0 ,0 ,0 ,0 
A;FI;PC_GDP;OBJ10,0 ,0 ,0 ,0 ,0 ,0 ,0 ,0 ,0 ,0 ,0 ,0 ,0 ,0 ,0 ,0 ,0 ,0 
A;FR;PC_GDP;OBJ10,0 ,0 ,0 ,0 ,0 ,0 ,0 ,0 ,0 ,0 ,0 ,0 ,0 ,0 ,0 ,0 ,0 ,0 
A;HR;PC_GDP;OBJ10,0 ,0 ,0 ,0 ,0 ,0 ,0 ,0 ,0 ,0 ,0 ,0 ,0 ,0 ,0 ,0 ,0 ,0 
A;HU;PC_GDP;OBJ10,0 ,0 ,0 ,0 ,0 ,0 ,0 ,0 ,0 ,0 ,0 ,0 ,0 ,0 ,0 ,0 ,0 ,0 
A;IE;PC_GDP;OBJ10,0 ,0 ,0 ,0 ,0 ,0 ,0 ,0 ,0 ,0 ,0 ,0 ,0 ,0 ,0 ,0 ,0 ,0 
A;IT;PC_GDP;OBJ10,0 ,0 ,0 ,0 ,0 ,0 ,0 ,0 ,0 ,0 ,0 ,0 ,0 ,0 ,0 ,0 ,0 ,0 
A;LT;PC_GDP;OBJ10,0 ,0 ,0 ,0 ,0 ,0 ,0 ,0 ,0 ,0 ,0 ,0 ,0 ,0 ,0 ,0 ,0 ,0 
A;LU;PC_GDP;OBJ10,0 ,0 ,0 ,0 ,0 ,0 ,0 ,0 ,0 ,0 ,0 ,0 ,0 ,0 ,0 ,0 ,0 ,0 
A;LV;PC_GDP;OBJ10,0 ,0 ,0 ,0 ,0 ,0 ,0 ,0 ,0 ,0 ,0 ,0 ,0 ,0 ,0 ,0 ,0 ,0 
A;MT;PC_GDP;OBJ10,0 ,0 ,0 ,0 ,0 ,0 ,0 ,0 ,0 ,0 ,0 ,0 ,0 ,0 ,0 ,0 ,0 ,0 
A;NL;PC_GDP;OBJ10,0 ,0 ,0 ,0 ,0 ,0 ,0 ,0 ,0 ,0 ,0 ,0 ,0 ,0 ,0 ,0 ,0 ,0 
A;PL;PC_GDP;OBJ10,0 ,0 ,0 ,0 ,0 ,0 ,0 ,0 ,0 ,0 ,0 ,0 ,0 ,0 ,0 ,0 ,0 ,0 
A;PT;PC_GDP;OBJ10,0 ,0 ,0 ,0 ,0 ,0 ,0 ,0 ,0 ,0 ,0 ,0 ,0 ,0 ,0 ,0 ,0 ,0 
A;RO;PC_GDP;OBJ10,0 ,0 ,0 ,0 ,0 ,0 ,0 ,0 ,0 ,0 ,0 ,0 ,0 ,0 ,0 ,0 ,0 ,0 
A;SE;PC_GDP;OBJ10,0 ,0 ,0 ,0 ,0 ,0 ,0 ,0 ,0 ,0 ,0 ,0 ,0 ,0 ,0 ,0 ,0 ,0 
A;SI;PC_GDP;OBJ10,0 ,0 ,0 ,0 ,0 ,0 ,0 ,0 ,0 ,0 ,0 ,0 ,0 ,0 ,0 ,0 ,0 ,0 
A;SK;PC_GDP;OBJ10,0 ,0 ,0 ,0 ,0 ,0 ,0 ,0 ,0 ,0 ,0 ,0 ,0 ,0 ,0 ,0 ,0 ,0 
A;UK;PC_GDP;OBJ10,0 ,0 ,0 ,0 ,0 ,0 ,0 ,0 ,0 ,0 ,0 ,0 ,0 ,0 ,0 ,0 ,0 ,0 
A;AT;PC_GDP;OBJ11,0 ,0 ,0 ,0 ,0 ,0 ,0 ,0 ,0 ,0 ,0 ,0 ,0 ,0 ,0 ,0 ,0 ,0.001 
A;BE;PC_GDP;OBJ11,0 ,0 ,0 ,0 ,0 ,0 ,0 ,0 ,0 ,0 ,0 ,0 ,0 ,0 ,0 ,0 ,0 ,0 
A;BG;PC_GDP;OBJ11,0 ,0 ,0 ,0 ,0 ,0 ,0 ,0 ,0 ,0 ,0 ,0 ,0 ,0 ,0 ,0.001 ,0.001 ,0 
A;CY;PC_GDP;OBJ11,0 ,0 ,0 ,0 ,0 ,0 ,0 ,0 ,0 ,0 ,0 ,0 ,0 ,0 ,0 ,0 ,0 ,0 
A;CZ;PC_GDP;OBJ11,0 ,0 ,0 ,0 ,0 ,0 ,0 ,0 ,0 ,0 ,0 ,0 ,0 ,0 ,0 ,0 ,0 ,0 
A;DE;PC_GDP;OBJ11,0 ,0 ,0 ,0 ,0 ,0 ,0 ,0 ,0 ,0 ,0 ,0 ,0 ,0.001 ,0.004 ,0.004 ,0.004 ,0.002 
A;DK;PC_GDP;OBJ11,0 ,0 ,0 ,0 ,0 ,0 ,0 ,0 ,0 ,0 ,0 ,0 ,0 ,0 ,0 ,0 ,0 ,0 
A;EE;PC_GDP;OBJ11,0 ,0 ,0 ,0 ,0 ,0 ,0 ,0 ,0 ,0 ,0 ,0 ,0 ,0 ,0 ,0 ,0 ,0 
A;EL;PC_GDP;OBJ11,0 ,0 ,0 ,0 ,0 ,0 ,0 ,0 ,0 ,0 ,0 ,0 ,0 ,0 ,0 ,0 ,0 ,0 
A;ES;PC_GDP;OBJ11,0 ,0 ,0 ,0 ,0 ,0 ,0 ,0 ,0 ,0 ,0 ,0 ,0 ,0 ,0 ,0 ,0 ,0 
A;EU28;PC_GDP;OBJ11,0 ,0 ,0 ,0 ,0 ,0 ,0 ,0 ,0 ,0 ,0 ,0 ,0 ,0 ,0.001 ,0.001 ,0.001 ,0.001 
A;FI;PC_GDP;OBJ11,0 ,0 ,0 ,0 ,0 ,0 ,0 ,0 ,0 ,0 ,0 ,0 ,0 ,0 ,0 ,0 ,0 ,0 
A;FR;PC_GDP;OBJ11,0 ,0 ,0 ,0 ,0 ,0 ,0 ,0 ,0 ,0 ,0 ,0 ,0 ,0 ,0 ,0 ,0 ,0 
A;HR;PC_GDP;OBJ11,0 ,0 ,0 ,0 ,0 ,0 ,0 ,0 ,0 ,0 ,0 ,0 ,0 ,0 ,0 ,0 ,0 ,0 
A;HU;PC_GDP;OBJ11,0 ,0 ,0 ,0 ,0 ,0 ,0 ,0 ,0 ,0 ,0 ,0 ,0 ,0 ,0 ,0 ,0 ,0 
A;IE;PC_GDP;OBJ11,0 ,0 ,0 ,0 ,0 ,0 ,0 ,0 ,0 ,0 ,0 ,0 ,0 ,0 ,0 ,0 ,0 ,0 
A;IT;PC_GDP;OBJ11,0 ,0 ,0 ,0 ,0 ,0 ,0 ,0 ,0 ,0 ,0 ,0 ,0 ,0 ,0 ,0.003 ,0.001 ,0.005 
A;LT;PC_GDP;OBJ11,0 ,0 ,0 ,0 ,0 ,0 ,0 ,0 ,0 ,0 ,0 ,0 ,0 ,0 ,0 ,0 ,0 ,0 
A;LU;PC_GDP;OBJ11,0 ,0 ,0 ,0 ,0 ,0 ,0 ,0 ,0 ,0 ,0 ,0 ,0 ,0 ,0 ,0 ,0 ,0 
A;LV;PC_GDP;OBJ11,0 ,0 ,0 ,0 ,0 ,0 ,0 ,0 ,0 ,0 ,0 ,0 ,0 ,0 ,0 ,0 ,0 ,0 
A;MT;PC_GDP;OBJ11,0 ,0 ,0 ,0 ,0 ,0 ,0 ,0 ,0 ,0 ,0 ,0 ,0 ,0 ,0 ,0 ,0 ,0 
A;NL;PC_GDP;OBJ11,0 ,0 ,0 ,0 ,0 ,0 ,0 ,0 ,0 ,0 ,0 ,0 ,0 ,0 ,0 ,0 ,0 ,0 
A;PL;PC_GDP;OBJ11,0 ,0 ,0 ,0 ,0 ,0 ,0 ,0 ,0 ,0 ,0 ,0 ,0 ,0 ,0 ,0 ,0 ,0 
A;PT;PC_GDP;OBJ11,0 ,0 ,0 ,0 ,0 ,0 ,0 ,0 ,0 ,0 ,0 ,0 ,0 ,0 ,0 ,0 ,0 ,0 
A;RO;PC_GDP;OBJ11,0 ,0 ,0 ,0 ,0 ,0 ,0 ,0 ,0 ,0 ,0 ,0 ,0 ,0 ,0 ,0 ,0 ,0 
A;SE;PC_GDP;OBJ11,0 ,0 ,0 ,0 ,0 ,0 ,0 ,0 ,0 ,0 ,0 ,0 ,0 ,0 ,0 ,0 ,0 ,0 
A;SI;PC_GDP;OBJ11,0 ,0 ,0 ,0 ,0 ,0 ,0 ,0 ,0 ,0 ,0 ,0 ,0 ,0 ,0 ,0 ,0 ,0 
A;SK;PC_GDP;OBJ11,0 ,0 ,0 ,0 ,0 ,0 ,0 ,0 ,0 ,0 ,0 ,0 ,0 ,0 ,0 ,0 ,0 ,0 
A;UK;PC_GDP;OBJ11,0 ,0 ,0 ,0 ,0 ,0 ,0 ,0 ,0 ,0 ,0 ,0 ,0 ,0 ,0 ,0 ,0 ,0 
A;AT;PC_GDP;OBJ12,0 ,0 ,0 ,0 ,0 ,0 ,0 ,0 ,0 ,0 ,0 ,0 ,0 ,0 ,0 ,0 ,0 ,0 
A;BE;PC_GDP;OBJ12,0 ,0 ,0 ,0 ,0 ,0 ,0 ,0 ,0 ,0 ,0 ,0 ,0 ,0 ,0 ,0 ,0 ,0 
A;BG;PC_GDP;OBJ12,0 ,0 ,0 ,0 ,0 ,0 ,0 ,0 ,0 ,0 ,0 ,0 ,0 ,0 ,0 ,0 ,0 ,0 
A;CY;PC_GDP;OBJ12,0 ,0 ,0 ,0 ,0 ,0 ,0 ,0 ,0 ,0 ,0 ,0 ,0 ,0 ,0 ,0 ,0 ,0 
A;CZ;PC_GDP;OBJ12,0 ,0 ,0 ,0 ,0 ,0 ,0 ,0 ,0 ,0 ,0 ,0 ,0 ,0 ,0 ,0 ,0 ,0 
A;DE;PC_GDP;OBJ12,0 ,0 ,0 ,0 ,0 ,0 ,0 ,0 ,0 ,0 ,0 ,0 ,0 ,0 ,0 ,0 ,0 ,0 
A;DK;PC_GDP;OBJ12,0 ,0 ,0 ,0 ,0 ,0 ,0 ,0 ,0 ,0 ,0 ,0 ,0 ,0 ,0 ,0 ,0 ,0 
A;EE;PC_GDP;OBJ12,0 ,0 ,0 ,0 ,0 ,0 ,0 ,0 ,0 ,0 ,0 ,0 ,0 ,0 ,0 ,0 ,0 ,0 
A;EL;PC_GDP;OBJ12,0 ,0 ,0 ,0 ,0 ,0 ,0 ,0 ,0 ,0 ,0 ,0 ,0 ,0 ,0 ,0 ,0 ,0 
A;ES;PC_GDP;OBJ12,0 ,0 ,0 ,0 ,0 ,0 ,0 ,0 ,0 ,0 ,0 ,0 ,0 ,0 ,0 ,0 ,0 ,0 
A;EU28;PC_GDP;OBJ12,0 ,0 ,0 ,0 ,0 ,0 ,0 ,0 ,0 ,0 ,0 ,0 ,0 ,0 ,0 ,0 ,0 ,0 
A;FI;PC_GDP;OBJ12,0 ,0 ,0 ,0 ,0 ,0 ,0 ,0 ,0 ,0 ,0 ,0 ,0 ,0 ,0 ,0 ,0 ,0 
A;FR;PC_GDP;OBJ12,0 ,0 ,0 ,0 ,0 ,0 ,0 ,0 ,0 ,0 ,0 ,0 ,0 ,0 ,0 ,0 ,0 ,0 
A;HR;PC_GDP;OBJ12,0 ,0 ,0 ,0 ,0 ,0 ,0 ,0 ,0 ,0 ,0 ,0 ,0 ,0 ,0 ,0 ,0 ,0 
A;HU;PC_GDP;OBJ12,0 ,0 ,0 ,0 ,0 ,0 ,0 ,0 ,0 ,0 ,0 ,0 ,0 ,0 ,0 ,0 ,0 ,0 
A;IE;PC_GDP;OBJ12,0 ,0 ,0 ,0 ,0 ,0 ,0 ,0 ,0 ,0 ,0 ,0 ,0 ,0 ,0 ,0 ,0 ,0 
A;IT;PC_GDP;OBJ12,0 ,0 ,0 ,0 ,0 ,0 ,0 ,0 ,0 ,0 ,0 ,0 ,0 ,0 ,0 ,0 ,0 ,0 
A;LT;PC_GDP;OBJ12,0 ,0 ,0 ,0 ,0 ,0 ,0 ,0 ,0 ,0 ,0 ,0 ,0 ,0 ,0 ,0 ,0 ,0 
A;LU;PC_GDP;OBJ12,0 ,0 ,0 ,0 ,0 ,0 ,0 ,0 ,0 ,0 ,0 ,0 ,0 ,0 ,0 ,0 ,0 ,0 
A;LV;PC_GDP;OBJ12,0 ,0 ,0 ,0 ,0 ,0 ,0 ,0 ,0 ,0 ,0 ,0 ,0 ,0 ,0 ,0 ,0 ,0 
A;MT;PC_GDP;OBJ12,0 ,0 ,0 ,0 ,0 ,0 ,0 ,0 ,0 ,0 ,0 ,0 ,0 ,0 ,0 ,0 ,0 ,0 
A;NL;PC_GDP;OBJ12,0 ,0 ,0 ,0 ,0 ,0 ,0 ,0 ,0 ,0 ,0 ,0 ,0 ,0 ,0 ,0 ,0 ,0 
A;PL;PC_GDP;OBJ12,0 ,0 ,0 ,0 ,0 ,0 ,0 ,0 ,0 ,0 ,0 ,0 ,0 ,0 ,0 ,0 ,0 ,0 
A;PT;PC_GDP;OBJ12,0 ,0 ,0 ,0 ,0 ,0 ,0 ,0 ,0 ,0 ,0 ,0 ,0 ,0 ,0 ,0 ,0 ,0 
A;RO;PC_GDP;OBJ12,0 ,0 ,0 ,0 ,0 ,0 ,0 ,0 ,0 ,0 ,0 ,0 ,0 ,0 ,0 ,0 ,0 ,0 
A;SE;PC_GDP;OBJ12,0 ,0 ,0 ,0 ,0 ,0 ,0 ,0 ,0 ,0 ,0 ,0 ,0 ,0 ,0 ,0 ,0 ,0 
A;SI;PC_GDP;OBJ12,0 ,0 ,0 ,0 ,0 ,0 ,0 ,0 ,0 ,0 ,0 ,0 ,0 ,0 ,0 ,0 ,0 ,0 
A;SK;PC_GDP;OBJ12,0 ,0 ,0 ,0 ,0 ,0 ,0 ,0 ,0 ,0 ,0 ,0 ,0 ,0 ,0 ,0 ,0 ,0 
A;UK;PC_GDP;OBJ12,0 ,0 ,0 ,0 ,0 ,0 ,0 ,0 ,0 ,0 ,0 ,0 ,0 ,0 ,0 ,0 ,0 ,0 
A;AT;PC_GDP;OBJ13,0 ,0 ,0 ,0 ,0 ,0 ,0 ,0 ,0 ,0 ,0 ,0 ,0 ,0 ,0 ,0 ,0 ,0 
A;BE;PC_GDP;OBJ13,0 ,0 ,0 ,0 ,0 ,0 ,0 ,0 ,0 ,0 ,0 ,0 ,0 ,0 ,0 ,0 ,0 ,0 
A;BG;PC_GDP;OBJ13,0 ,0 ,0 ,0 ,0 ,0 ,0 ,0 ,0 ,0 ,0 ,0 ,0 ,0 ,0 ,0 ,0 ,0 
A;CY;PC_GDP;OBJ13,0 ,0 ,0 ,0 ,0 ,0 ,0 ,0 ,0 ,0 ,0 ,0 ,0 ,0 ,0 ,0 ,0 ,0 
A;CZ;PC_GDP;OBJ13,0 ,0 ,0 ,0 ,0 ,0 ,0 ,0 ,0 ,0 ,0 ,0 ,0 ,0 ,0 ,0 ,0 ,0 
A;DE;PC_GDP;OBJ13,0 ,0 ,0 ,0 ,0 ,0 ,0 ,0 ,0 ,0 ,0 ,0 ,0 ,0 ,0 ,0 ,0 ,0 
A;DK;PC_GDP;OBJ13,0 ,0 ,0 ,0 ,0 ,0 ,0 ,0 ,0 ,0 ,0 ,0 ,0 ,0 ,0 ,0 ,0 ,0 
A;EE;PC_GDP;OBJ13,0 ,0 ,0 ,0 ,0 ,0 ,0 ,0 ,0 ,0 ,0 ,0 ,0 ,0 ,0 ,0 ,0 ,0 
A;EL;PC_GDP;OBJ13,0 ,0 ,0 ,0 ,0 ,0 ,0 ,0 ,0 ,0 ,0 ,0 ,0 ,0 ,0 ,0 ,0 ,0 
A;ES;PC_GDP;OBJ13,0 ,0 ,0 ,0 ,0 ,0 ,0 ,0 ,0 ,0 ,0 ,0 ,0 ,0 ,0.042 ,0.039 ,0.04 ,0.06 
A;EU28;PC_GDP;OBJ13,0 ,0 ,0 ,0 ,0 ,0 ,0 ,0 ,0 ,0 ,0 ,0 ,0 ,0 ,0.003 ,0.003 ,0.003 ,0.005 
A;FI;PC_GDP;OBJ13,0 ,0 ,0 ,0 ,0 ,0 ,0 ,0 ,0 ,0 ,0 ,0 ,0 ,0 ,0 ,0 ,0 ,0 
A;FR;PC_GDP;OBJ13,0 ,0 ,0 ,0 ,0 ,0 ,0 ,0 ,0 ,0 ,0 ,0 ,0 ,0 ,0 ,0 ,0 ,0 
A;HR;PC_GDP;OBJ13,0 ,0 ,0 ,0 ,0 ,0 ,0 ,0 ,0 ,0 ,0 ,0 ,0 ,0 ,0 ,0 ,0 ,0 
A;HU;PC_GDP;OBJ13,0 ,0 ,0 ,0 ,0 ,0 ,0 ,0 ,0 ,0 ,0 ,0 ,0 ,0 ,0 ,0 ,0 ,0 
A;IE;PC_GDP;OBJ13,0 ,0 ,0 ,0 ,0 ,0 ,0 ,0 ,0 ,0 ,0 ,0 ,0 ,0 ,0 ,0 ,0 ,0 
A;IT;PC_GDP;OBJ13,0 ,0 ,0 ,0 ,0 ,0 ,0 ,0 ,0 ,0 ,0 ,0 ,0 ,0 ,0 ,0 ,0 ,0 
A;LT;PC_GDP;OBJ13,0 ,0 ,0 ,0 ,0 ,0 ,0 ,0 ,0 ,0 ,0 ,0 ,0 ,0 ,0 ,0 ,0 ,0 
A;LU;PC_GDP;OBJ13,0 ,0 ,0 ,0 ,0 ,0 ,0 ,0 ,0 ,0 ,0 ,0 ,0 ,0 ,0 ,0 ,0 ,0 
A;LV;PC_GDP;OBJ13,0 ,0 ,0 ,0 ,0 ,0 ,0 ,0 ,0 ,0 ,0 ,0 ,0 ,0 ,0 ,0 ,0 ,0 
A;MT;PC_GDP;OBJ13,0 ,0 ,0 ,0 ,0 ,0 ,0 ,0 ,0 ,0 ,0 ,0 ,0 ,0 ,0 ,0 ,0 ,0 
A;NL;PC_GDP;OBJ13,0 ,0 ,0 ,0 ,0 ,0 ,0 ,0 ,0 ,0 ,0 ,0 ,0 ,0 ,0 ,0 ,0 ,0 
A;PL;PC_GDP;OBJ13,0 ,0 ,0 ,0 ,0 ,0 ,0 ,0 ,0 ,0 ,0 ,0 ,0 ,0 ,0 ,0 ,0 ,0 
A;PT;PC_GDP;OBJ13,0 ,0 ,0 ,0 ,0 ,0 ,0 ,0 ,0 ,0 ,0 ,0 ,0 ,0 ,0 ,0 ,0 ,0 
A;RO;PC_GDP;OBJ13,0 ,0 ,0 ,0 ,0 ,0 ,0 ,0 ,0 ,0 ,0 ,0 ,0 ,0 ,0 ,0 ,0 ,0 
A;SE;PC_GDP;OBJ13,0 ,0 ,0 ,0 ,0 ,0 ,0 ,0 ,0 ,0 ,0 ,0 ,0 ,0 ,0 ,0 ,0 ,0 
A;SI;PC_GDP;OBJ13,0 ,0 ,0 ,0 ,0 ,0 ,0 ,0 ,0 ,0 ,0 ,0 ,0 ,0 ,0 ,0 ,0 ,0 
A;SK;PC_GDP;OBJ13,0 ,0 ,0 ,0 ,0 ,0 ,0 ,0 ,0 ,0 ,0 ,0 ,0 ,0 ,0 ,0 ,0 ,0 
A;UK;PC_GDP;OBJ13,0 ,0 ,0 ,0 ,0 ,0 ,0 ,0 ,0 ,0 ,0 ,0 ,0 ,0 ,0 ,0 ,0 ,0 
A;AT;PC_GDP;OBJ15,0 ,0 ,0 ,0 ,0 ,0 ,0 ,0 ,0 ,0.002 ,0.002 ,0.003 ,0.002 ,0.005 ,0.045 ,0.065 ,0.072 ,0.052 
A;BE;PC_GDP;OBJ15,0 ,0 ,0 ,0 ,0 ,0 ,0 ,0 ,0 ,0.037 ,0.035 ,0.026 ,0.004 ,0.007 ,0.006 ,0.006 ,0.009 ,0.023 
A;BG;PC_GDP;OBJ15,0 ,0 ,0 ,0 ,0 ,0 ,0 ,0 ,0 ,0 ,0 ,0 ,0.001 ,0.001 ,0.011 ,0.013 ,0.006 ,0.003 
A;CY;PC_GDP;OBJ15,0 ,0 ,0 ,0 ,0 ,0 ,0 ,0 ,0 ,0 ,0.009 ,0.003 ,0.007 ,0.008 ,0.01 ,0.006 ,0.003 ,0.002 
A;CZ;PC_GDP;OBJ15,0 ,0 ,0 ,0 ,0 ,0 ,0 ,0 ,0 ,0.004 ,0.007 ,0.034 ,0.072 ,0.1 ,0.116 ,0.143 ,0.136 ,0.168 
A;DE;PC_GDP;OBJ15,0 ,0 ,0 ,0 ,0 ,0.001 ,0 ,0.001 ,0 ,0.002 ,0.013 ,0.032 ,0.041 ,0.046 ,0.03 ,0.033 ,0.042 ,0.03 
A;DK;PC_GDP;OBJ15,0 ,0 ,0 ,0 ,0 ,0 ,0 ,0 ,0 ,0.009 ,0.025 ,0.043 ,0.051 ,0.057 ,0.05 ,0.065 ,0.079 ,0.04 
A;EE;PC_GDP;OBJ15,0 ,0 ,0 ,0 ,0 ,0.003 ,0.005 ,0.012 ,0.017 ,0.007 ,0.004 ,0.004 ,0 ,0.003 ,0.032 ,0.027 ,0.037 ,0.035 
A;EL;PC_GDP;OBJ15,0 ,0 ,0 ,0 ,0 ,0 ,0 ,0 ,0 ,0 ,0.001 ,0.001 ,0.002 ,0.004 ,0.031 ,0.022 ,0.046 ,0.002 
A;ES;PC_GDP;OBJ15,0 ,0 ,0 ,0 ,0 ,0.001 ,0.001 ,0.002 ,0.001 ,0.025 ,0.015 ,0.011 ,0.014 ,0.014 ,0.016 ,0.02 ,0.022 ,0.027 
A;EU28;PC_GDP;OBJ15,0 ,0 ,0 ,0 ,0 ,0 ,0 ,0.001 ,0.001 ,0.008 ,0.011 ,0.015 ,0.02 ,0.024 ,0.026 ,0.028 ,0.038 ,0.048 
A;FI;PC_GDP;OBJ15,0 ,0 ,0 ,0 ,0 ,0 ,0 ,0 ,0 ,0.001 ,0.001 ,0.001 ,0.001 ,0.009 ,0.01 ,0.063 ,0.06 ,0.061 
A;FR;PC_GDP;OBJ15,0 ,0 ,0 ,0 ,0 ,0 ,0 ,0 ,0.001 ,0.008 ,0.007 ,0.011 ,0.013 ,0.022 ,0.02 ,0.01 ,0.022 ,0.033 
A;HR;PC_GDP;OBJ15,0 ,0 ,0 ,0 ,0 ,0 ,0 ,0 ,0 ,0 ,0 ,0 ,0 ,0 ,0.003 ,0 ,0 ,0.002 
A;HU;PC_GDP;OBJ15,0 ,0 ,0 ,0 ,0 ,0 ,0 ,0 ,0 ,0 ,0 ,0.002 ,0.001 ,0.001 ,0.001 ,0.01 ,0.226 ,0.355 
A;IE;PC_GDP;OBJ15,0 ,0 ,0 ,0 ,0 ,0 ,0 ,0.025 ,0 ,0.001 ,0.001 ,0.001 ,0 ,0 ,0.003 ,0.009 ,0.009 ,0.018 
A;IT;PC_GDP;OBJ15,0 ,0 ,0 ,0 ,0 ,0 ,0.002 ,0.003 ,0.002 ,0.014 ,0.009 ,0.01 ,0.015 ,0.013 ,0.016 ,0.026 ,0.037 ,0.022 
A;LT;PC_GDP;OBJ15,0 ,0 ,0 ,0 ,0 ,0 ,0 ,0 ,0 ,0.016 ,0.041 ,0.024 ,0.027 ,0.02 ,0.008 ,0.021 ,0.009 ,0.027 
A;LU;PC_GDP;OBJ15,0 ,0 ,0 ,0 ,0 ,0 ,0 ,0 ,0 ,0.086 ,0.1 ,0.062 ,0.081 ,0.156 ,0.085 ,0.055 ,0.059 ,0.062 
A;LV;PC_GDP;OBJ15,0 ,0 ,0 ,0 ,0 ,0 ,0 ,0 ,0 ,0.001 ,0.002 ,0.004 ,0.004 ,0.007 ,0.13 ,0.028 ,0.041 ,0.047 
A;MT;PC_GDP;OBJ15,0 ,0 ,0 ,0 ,0 ,0 ,0.001 ,0 ,0 ,0 ,0 ,0.007 ,0.001 ,0.02 ,0.001 ,0.002 ,0.011 ,0.002 
A;NL;PC_GDP;OBJ15,0 ,0 ,0 ,0 ,0 ,0 ,0 ,0.001 ,0 ,0.001 ,0.002 ,0.009 ,0.011 ,0.008 ,0.012 ,0.026 ,0.028 ,0.034 
A;PL;PC_GDP;OBJ15,0 ,0 ,0 ,0 ,0 ,0 ,0 ,0 ,0.008 ,0.01 ,0.019 ,0.007 ,0.024 ,0.016 ,0.059 ,0.044 ,0.096 ,0.253 
A;PT;PC_GDP;OBJ15,0 ,0 ,0 ,0 ,0 ,0 ,0 ,0 ,0.001 ,0.015 ,0.071 ,0.04 ,0.069 ,0.051 ,0.058 ,0.008 ,0.038 ,0.039 
A;RO;PC_GDP;OBJ15,0 ,0 ,0 ,0 ,0 ,0 ,0 ,0 ,0 ,0 ,0 ,0 ,0.001 ,0.001 ,0.008 ,0.004 ,0.004 ,0.022 
A;SE;PC_GDP;OBJ15,0 ,0 ,0 ,0 ,0 ,0 ,0 ,0 ,0 ,0.001 ,0.002 ,0 ,0.003 ,0.003 ,0.02 ,0.03 ,0.036 ,0.036 
A;SI;PC_GDP;OBJ15,0 ,0 ,0 ,0 ,0 ,0 ,0 ,0.001 ,0 ,0.009 ,0.018 ,0.028 ,0.047 ,0.047 ,0.065 ,0.043 ,0.026 ,0.079 
A;SK;PC_GDP;OBJ15,0 ,0 ,0 ,0 ,0 ,0 ,0 ,0.001 ,0.001 ,0.003 ,0.013 ,0.013 ,0.013 ,0.011 ,0.036 ,0.065 ,0.041 ,0.008 
A;UK;PC_GDP;OBJ15,0 ,0 ,0 ,0 ,0 ,0 ,0 ,0 ,0.001 ,0.004 ,0.004 ,0.007 ,0.015 ,0.019 ,0.029 ,0.031 ,0.036 ,0.078 
A;AT;PC_GDP;OBJ16,0 ,0 ,0.014 ,0.022 ,0.015 ,0.029 ,0.026 ,0.052 ,0.081 ,0.05 ,0.023 ,0.038 ,0.031 ,0.023 ,0.02 ,0.018 ,0.018 ,0.02 
A;BE;PC_GDP;OBJ16,0 ,0 ,0 ,0.002 ,0.016 ,0.024 ,0.026 ,0.019 ,0.017 ,0.055 ,0.055 ,0.045 ,0.043 ,0.037 ,0.037 ,0.025 ,0.035 ,0.028 
A;BG;PC_GDP;OBJ16,0 ,0 ,0 ,0 ,0 ,0 ,0 ,0 ,0.003 ,0 ,0.002 ,0 ,0 ,0 ,0.003 ,0.013 ,0.015 ,0 
A;CY;PC_GDP;OBJ16,0 ,0 ,0 ,0 ,0 ,0.002 ,0.031 ,0.024 ,0.041 ,0.03 ,0.025 ,0.018 ,0.013 ,0.015 ,0.015 ,0.015 ,0.017 ,0.001 
A;CZ;PC_GDP;OBJ16,0 ,0 ,0.035 ,0.039 ,0.04 ,0.057 ,0.061 ,0.105 ,0.043 ,0.014 ,0.015 ,0.005 ,0.007 ,0.01 ,0.007 ,0.006 ,0 ,0.002 
A;DE;PC_GDP;OBJ16,0.001 ,0.002 ,0.008 ,0.01 ,0.014 ,0.019 ,0.013 ,0.024 ,0.047 ,0.058 ,0.034 ,0.028 ,0.027 ,0.023 ,0.019 ,0.02 ,0.016 ,0.03 
A;DK;PC_GDP;OBJ16,0 ,0.002 ,0.002 ,0 ,0 ,0 ,0 ,0.003 ,0.002 ,0.003 ,0 ,0.001 ,0.001 ,0.002 ,0.012 ,0.014 ,0.012 ,0.01 
A;EE;PC_GDP;OBJ16,0 ,0 ,0 ,0 ,0 ,0.03 ,0.006 ,0.005 ,0.012 ,0.021 ,0.009 ,0.008 ,0.003 ,0 ,0 ,0 ,0 ,0.001 
A;EL;PC_GDP;OBJ16,0 ,0 ,0 ,0 ,0.006 ,0.022 ,0.036 ,0.035 ,0.071 ,0.047 ,0.065 ,0.008 ,0.005 ,0 ,0.002 ,0.001 ,0.001 ,0 
A;ES;PC_GDP;OBJ16,0 ,0.005 ,0.007 ,0.006 ,0.004 ,0.004 ,0.004 ,0.011 ,0.013 ,0.015 ,0.011 ,0.007 ,0.006 ,0.006 ,0.005 ,0.003 ,0.004 ,0.005 
A;EU28;PC_GDP;OBJ16,0.001 ,0.002 ,0.005 ,0.01 ,0.013 ,0.015 ,0.015 ,0.022 ,0.024 ,0.025 ,0.016 ,0.014 ,0.014 ,0.012 ,0.011 ,0.014 ,0.014 ,0.025 
A;FI;PC_GDP;OBJ16,0 ,0 ,0 ,0 ,0.001 ,0.001 ,0.001 ,0.012 ,0.016 ,0.02 ,0.016 ,0.017 ,0.014 ,0.013 ,0.008 ,0.023 ,0.026 ,0.023 
A;FR;PC_GDP;OBJ16,0 ,0 ,0 ,0 ,0 ,0 ,0.003 ,0.005 ,0.008 ,0.01 ,0.006 ,0.007 ,0.007 ,0.007 ,0.006 ,0.023 ,0.022 ,0.021 
A;HR;PC_GDP;OBJ16,0 ,0 ,0 ,0 ,0 ,0 ,0 ,0 ,0 ,0 ,0 ,0 ,0 ,0 ,0 ,0.009 ,0.106 ,0.212 
A;HU;PC_GDP;OBJ16,0 ,0 ,0 ,0 ,0 ,0.025 ,0.015 ,0.026 ,0.052 ,0.029 ,0.01 ,0.009 ,0 ,0.001 ,0.007 ,0.017 ,0.026 ,0.037 
A;IE;PC_GDP;OBJ16,0 ,0.006 ,0.006 ,0.007 ,0.015 ,0.027 ,0.043 ,0.047 ,0.061 ,0.018 ,0.018 ,0.016 ,0.012 ,0.01 ,0.01 ,0.016 ,0.012 ,0.003 
A;IT;PC_GDP;OBJ16,0.005 ,0.008 ,0.01 ,0.041 ,0.053 ,0.046 ,0.048 ,0.048 ,0.038 ,0.032 ,0.017 ,0.018 ,0.016 ,0.016 ,0.009 ,0.011 ,0.025 ,0.086 
A;LT;PC_GDP;OBJ16,0 ,0 ,0 ,0 ,0 ,0 ,0.007 ,0.009 ,0.007 ,0.004 ,0.023 ,0.027 ,0.037 ,0.017 ,0.021 ,0.021 ,0.01 ,0.004 
A;LU;PC_GDP;OBJ16,0 ,0 ,0 ,0 ,0 ,0.023 ,0.035 ,0.021 ,0.02 ,0.023 ,0.019 ,0.018 ,0.015 ,0.017 ,0.019 ,0.016 ,0.018 ,0.022 
A;LV;PC_GDP;OBJ16,0 ,0 ,0 ,0 ,0.001 ,0.023 ,0.03 ,1.139 ,0.024 ,0.005 ,0.009 ,0.018 ,0.027 ,0.027 ,0.03 ,0.051 ,0.008 ,0.002 
A;MT;PC_GDP;OBJ16,0 ,0 ,0 ,0 ,0 ,0 ,0.017 ,0.008 ,0.011 ,0.005 ,0.002 ,0.001 ,0.001 ,0.001 ,0.002 ,0.001 ,0.015 ,0.008 
A;NL;PC_GDP;OBJ16,0 ,0 ,0.002 ,0.002 ,0.002 ,0.001 ,0.002 ,0.004 ,0.011 ,0.008 ,0.007 ,0.004 ,0.003 ,0.005 ,0.003 ,0.004 ,0.004 ,0.005 
A;PL;PC_GDP;OBJ16,0 ,0 ,0 ,0 ,0.002 ,0.034 ,0.032 ,0.055 ,0.012 ,0.001 ,0.001 ,0.001 ,0 ,0 ,0.001 ,0 ,0.001 ,0.022 
A;PT;PC_GDP;OBJ16,0 ,0 ,0 ,0 ,0 ,0 ,0 ,0.001 ,0.001 ,0.017 ,0.025 ,0.01 ,0.022 ,0.014 ,0.027 ,0.1 ,0.071 ,0.077 
A;RO;PC_GDP;OBJ16,0 ,0 ,0 ,0 ,0 ,0 ,0 ,0 ,0 ,0.003 ,0.005 ,0.003 ,0.001 ,0 ,0.002 ,0.002 ,0.002 ,0 
A;SE;PC_GDP;OBJ16,0 ,0 ,0 ,0 ,0 ,0 ,0 ,0 ,0 ,0 ,0 ,0.001 ,0 ,0 ,0 ,0.004 ,0.002 ,0.004 
A;SI;PC_GDP;OBJ16,0 ,0 ,0 ,0 ,0 ,0 ,0 ,0.006 ,0.005 ,0.005 ,0.004 ,0.008 ,0.008 ,0.006 ,0.012 ,0.014 ,0.007 ,0.009 
A;SK;PC_GDP;OBJ16,0 ,0 ,0 ,0 ,0 ,0 ,0.005 ,0.005 ,0.006 ,0.003 ,0.001 ,0.001 ,0.001 ,0 ,0.002 ,0.006 ,0.01 ,0 
A;UK;PC_GDP;OBJ16,0 ,0 ,0.004 ,0.008 ,0.009 ,0.01 ,0.006 ,0.006 ,0.006 ,0.003 ,0.003 ,0.009 ,0.011 ,0.007 ,0.009 ,0.007 ,0.002 ,0.003 
A;AT;PC_GDP;OBJ40,0 ,0 ,0 ,0 ,0 ,0 ,0 ,0 ,0 ,0 ,0 ,0 ,0 ,0 ,0 ,0 ,0 ,0 
A;BE;PC_GDP;OBJ40,0 ,0 ,0 ,0 ,0 ,0 ,0 ,0 ,0 ,0 ,0 ,0 ,0 ,0 ,0 ,0 ,0 ,0 
A;BG;PC_GDP;OBJ40,0 ,0 ,0 ,0 ,0 ,0 ,0 ,0 ,0 ,0 ,0 ,0 ,0 ,0 ,0 ,0 ,0 ,0 
A;CY;PC_GDP;OBJ40,0 ,0 ,0 ,0 ,0 ,0 ,0 ,0 ,0 ,0 ,0 ,0 ,0 ,0 ,0 ,0 ,0 ,0 
A;CZ;PC_GDP;OBJ40,0 ,0 ,0 ,0 ,0 ,0 ,0 ,0 ,0 ,0 ,0 ,0 ,0 ,0 ,0 ,0 ,0 ,0 
A;DE;PC_GDP;OBJ40,0 ,0 ,0 ,0 ,0 ,0 ,0 ,0 ,0 ,0 ,0 ,0 ,0 ,0 ,0 ,0 ,0 ,0.001 
A;DK;PC_GDP;OBJ40,0 ,0 ,0 ,0 ,0 ,0 ,0 ,0 ,0 ,0 ,0 ,0 ,0 ,0 ,0 ,0 ,0 ,0 
A;EE;PC_GDP;OBJ40,0 ,0 ,0 ,0 ,0 ,0 ,0 ,0 ,0 ,0 ,0 ,0 ,0 ,0 ,0 ,0 ,0 ,0 
A;EL;PC_GDP;OBJ40,0 ,0 ,0 ,0 ,0 ,0 ,0 ,0 ,0 ,0 ,0 ,0 ,0 ,0 ,0 ,0 ,0 ,0 
A;ES;PC_GDP;OBJ40,0 ,0 ,0 ,0 ,0 ,0 ,0 ,0 ,0 ,0 ,0 ,0 ,0 ,0 ,0 ,0 ,0 ,0 
A;EU28;PC_GDP;OBJ40,0 ,0 ,0 ,0 ,0 ,0 ,0 ,0 ,0 ,0 ,0 ,0 ,0 ,0 ,0 ,0 ,0 ,0 
A;FI;PC_GDP;OBJ40,0 ,0 ,0 ,0 ,0 ,0 ,0 ,0 ,0 ,0 ,0 ,0 ,0 ,0 ,0 ,0 ,0 ,0 
A;FR;PC_GDP;OBJ40,0 ,0 ,0 ,0 ,0 ,0 ,0 ,0 ,0 ,0 ,0 ,0 ,0 ,0 ,0 ,0 ,0 ,0 
A;HR;PC_GDP;OBJ40,0 ,0 ,0 ,0 ,0 ,0 ,0 ,0 ,0 ,0 ,0 ,0 ,0 ,0 ,0 ,0 ,0 ,0 
A;HU;PC_GDP;OBJ40,0 ,0 ,0 ,0 ,0 ,0 ,0 ,0 ,0 ,0 ,0 ,0 ,0 ,0 ,0 ,0 ,0 ,0 
A;IE;PC_GDP;OBJ40,0 ,0 ,0 ,0 ,0 ,0 ,0 ,0 ,0 ,0 ,0 ,0 ,0 ,0 ,0 ,0 ,0 ,0 
A;IT;PC_GDP;OBJ40,0 ,0 ,0 ,0 ,0 ,0 ,0 ,0 ,0 ,0 ,0 ,0 ,0 ,0 ,0 ,0 ,0 ,0 
A;LT;PC_GDP;OBJ40,0 ,0 ,0 ,0 ,0 ,0 ,0 ,0 ,0 ,0 ,0 ,0 ,0 ,0 ,0 ,0 ,0 ,0 
A;LU;PC_GDP;OBJ40,0 ,0 ,0 ,0 ,0 ,0 ,0 ,0 ,0 ,0 ,0 ,0 ,0 ,0 ,0 ,0 ,0 ,0 
A;LV;PC_GDP;OBJ40,0 ,0 ,0 ,0 ,0 ,0 ,0 ,0 ,0 ,0 ,0 ,0 ,0 ,0 ,0 ,0 ,0 ,0 
A;MT;PC_GDP;OBJ40,0 ,0 ,0 ,0 ,0 ,0 ,0 ,0 ,0 ,0 ,0 ,0 ,0 ,0 ,0 ,0 ,0 ,0 
A;NL;PC_GDP;OBJ40,0 ,0 ,0 ,0 ,0 ,0 ,0 ,0 ,0 ,0 ,0 ,0 ,0 ,0 ,0 ,0 ,0 ,0.001 
A;PL;PC_GDP;OBJ40,0 ,0 ,0 ,0 ,0 ,0 ,0 ,0 ,0 ,0 ,0 ,0 ,0 ,0 ,0 ,0 ,0 ,0 
A;PT;PC_GDP;OBJ40,0 ,0 ,0 ,0 ,0 ,0 ,0 ,0 ,0 ,0 ,0 ,0 ,0 ,0 ,0 ,0 ,0 ,0 
A;RO;PC_GDP;OBJ40,0 ,0 ,0 ,0 ,0 ,0 ,0 ,0 ,0 ,0 ,0 ,0 ,0 ,0 ,0 ,0 ,0 ,0 
A;SE;PC_GDP;OBJ40,0 ,0 ,0 ,0 ,0 ,0 ,0 ,0 ,0 ,0 ,0 ,0 ,0 ,0 ,0 ,0 ,0 ,0 
A;SI;PC_GDP;OBJ40,0 ,0 ,0 ,0 ,0 ,0 ,0 ,0 ,0 ,0 ,0 ,0 ,0 ,0 ,0 ,0 ,0 ,0.001 
A;SK;PC_GDP;OBJ40,0 ,0 ,0 ,0 ,0 ,0 ,0 ,0 ,0 ,0 ,0 ,0 ,0 ,0 ,0 ,0 ,0 ,0 
A;UK;PC_GDP;OBJ40,0 ,0 ,0 ,0 ,0 ,0 ,0 ,0 ,0 ,0 ,0 ,0 ,0 ,0 ,0 ,0 ,0 ,0.001 
A;AT;PC_GDP;OBJ41,0 ,0 ,0 ,0 ,0 ,0 ,0 ,0 ,0 ,0 ,0 ,0 ,0 ,0 ,0 ,0 ,0 ,0 
A;BE;PC_GDP;OBJ41,0 ,0 ,0 ,0 ,0 ,0 ,0 ,0 ,0 ,0 ,0 ,0 ,0 ,0 ,0 ,0 ,0 ,0 
A;BG;PC_GDP;OBJ41,0 ,0 ,0 ,0 ,0 ,0 ,0 ,0 ,0 ,0 ,0 ,0 ,0 ,0 ,0 ,0 ,0 ,0 
A;CY;PC_GDP;OBJ41,0 ,0 ,0 ,0 ,0 ,0 ,0 ,0 ,0 ,0 ,0 ,0 ,0 ,0 ,0 ,0 ,0 ,0 
A;CZ;PC_GDP;OBJ41,0 ,0 ,0 ,0 ,0 ,0 ,0 ,0 ,0 ,0 ,0 ,0 ,0 ,0 ,0 ,0 ,0 ,0 
A;DE;PC_GDP;OBJ41,0 ,0 ,0 ,0 ,0 ,0 ,0 ,0 ,0 ,0 ,0 ,0 ,0 ,0 ,0 ,0 ,0 ,0 
A;DK;PC_GDP;OBJ41,0 ,0 ,0 ,0 ,0 ,0 ,0 ,0 ,0 ,0 ,0 ,0 ,0 ,0 ,0 ,0 ,0 ,0 
A;EE;PC_GDP;OBJ41,0 ,0 ,0 ,0 ,0 ,0 ,0 ,0 ,0 ,0 ,0 ,0 ,0 ,0 ,0 ,0 ,0 ,0 
A;EL;PC_GDP;OBJ41,0 ,0 ,0 ,0 ,0 ,0 ,0 ,0 ,0 ,0 ,0 ,0 ,0 ,0 ,0 ,0 ,0 ,0 
A;ES;PC_GDP;OBJ41,0 ,0 ,0 ,0 ,0 ,0 ,0 ,0 ,0 ,0 ,0 ,0 ,0 ,0 ,0 ,0 ,0 ,0 
A;EU28;PC_GDP;OBJ41,0 ,0 ,0 ,0 ,0 ,0 ,0 ,0 ,0 ,0 ,0 ,0 ,0 ,0 ,0 ,0 ,0 ,0 
A;FI;PC_GDP;OBJ41,0 ,0 ,0 ,0 ,0 ,0 ,0 ,0 ,0 ,0 ,0 ,0 ,0 ,0 ,0 ,0 ,0 ,0 
A;FR;PC_GDP;OBJ41,0 ,0 ,0 ,0 ,0 ,0 ,0 ,0 ,0 ,0 ,0 ,0 ,0 ,0 ,0 ,0 ,0 ,0 
A;HR;PC_GDP;OBJ41,0 ,0 ,0 ,0 ,0 ,0 ,0 ,0 ,0 ,0 ,0 ,0 ,0 ,0 ,0 ,0 ,0 ,0 
A;HU;PC_GDP;OBJ41,0 ,0 ,0 ,0 ,0 ,0 ,0 ,0 ,0 ,0 ,0 ,0 ,0 ,0 ,0 ,0 ,0 ,0 
A;IE;PC_GDP;OBJ41,0 ,0 ,0 ,0 ,0 ,0 ,0 ,0 ,0 ,0 ,0 ,0 ,0 ,0 ,0 ,0 ,0 ,0 
A;IT;PC_GDP;OBJ41,0 ,0 ,0 ,0 ,0 ,0 ,0 ,0 ,0 ,0 ,0 ,0 ,0 ,0 ,0 ,0 ,0 ,0 
A;LT;PC_GDP;OBJ41,0 ,0 ,0 ,0 ,0 ,0 ,0 ,0 ,0 ,0 ,0 ,0 ,0 ,0 ,0 ,0 ,0 ,0 
A;LU;PC_GDP;OBJ41,0 ,0 ,0 ,0 ,0 ,0 ,0 ,0 ,0 ,0 ,0 ,0 ,0 ,0 ,0 ,0 ,0 ,0 
A;LV;PC_GDP;OBJ41,0 ,0 ,0 ,0 ,0 ,0 ,0 ,0 ,0 ,0 ,0 ,0 ,0 ,0 ,0 ,0 ,0 ,0 
A;MT;PC_GDP;OBJ41,0 ,0 ,0 ,0 ,0 ,0 ,0 ,0 ,0 ,0 ,0 ,0 ,0 ,0 ,0 ,0 ,0 ,0 
A;NL;PC_GDP;OBJ41,0 ,0 ,0 ,0 ,0 ,0 ,0 ,0 ,0 ,0 ,0 ,0 ,0 ,0 ,0 ,0 ,0 ,0 
A;PL;PC_GDP;OBJ41,0 ,0 ,0 ,0 ,0 ,0 ,0 ,0 ,0 ,0 ,0 ,0 ,0 ,0 ,0 ,0 ,0 ,0 
A;PT;PC_GDP;OBJ41,0 ,0 ,0 ,0 ,0 ,0 ,0 ,0 ,0 ,0 ,0 ,0 ,0 ,0 ,0 ,0 ,0 ,0 
A;RO;PC_GDP;OBJ41,0 ,0 ,0 ,0 ,0 ,0 ,0 ,0 ,0 ,0 ,0 ,0 ,0 ,0 ,0 ,0 ,0 ,0 
A;SE;PC_GDP;OBJ41,0 ,0 ,0 ,0 ,0 ,0 ,0 ,0 ,0 ,0 ,0 ,0 ,0 ,0 ,0 ,0 ,0 ,0 
A;SI;PC_GDP;OBJ41,0 ,0 ,0 ,0 ,0 ,0 ,0 ,0 ,0 ,0 ,0 ,0 ,0 ,0 ,0 ,0 ,0 ,0 
A;SK;PC_GDP;OBJ41,0 ,0 ,0 ,0 ,0 ,0 ,0 ,0 ,0 ,0 ,0 ,0 ,0 ,0 ,0 ,0 ,0 ,0 
A;UK;PC_GDP;OBJ41,0 ,0 ,0 ,0 ,0 ,0 ,0 ,0 ,0 ,0 ,0 ,0 ,0 ,0 ,0 ,0 ,0 ,0 
A;AT;PC_GDP;OBJ42,0 ,0 ,0 ,0 ,0 ,0 ,0 ,0 ,0 ,0 ,0 ,0 ,0 ,0 ,0 ,0 ,0 ,0 
A;BE;PC_GDP;OBJ42,0 ,0 ,0 ,0 ,0 ,0 ,0 ,0 ,0 ,0 ,0 ,0 ,0 ,0 ,0 ,0 ,0 ,0 
A;BG;PC_GDP;OBJ42,0 ,0 ,0 ,0 ,0 ,0 ,0 ,0 ,0 ,0 ,0 ,0 ,0 ,0 ,0 ,0 ,0 ,0 
A;CY;PC_GDP;OBJ42,0 ,0 ,0 ,0 ,0 ,0 ,0 ,0 ,0 ,0 ,0 ,0 ,0 ,0 ,0 ,0 ,0 ,0 
A;CZ;PC_GDP;OBJ42,0 ,0 ,0 ,0 ,0 ,0 ,0 ,0 ,0 ,0 ,0 ,0 ,0 ,0 ,0 ,0 ,0 ,0 
A;DE;PC_GDP;OBJ42,0 ,0 ,0 ,0 ,0 ,0 ,0 ,0 ,0 ,0 ,0 ,0 ,0 ,0 ,0 ,0 ,0 ,0 
A;DK;PC_GDP;OBJ42,0 ,0 ,0 ,0 ,0 ,0 ,0 ,0 ,0 ,0 ,0 ,0 ,0 ,0 ,0 ,0 ,0 ,0 
A;EE;PC_GDP;OBJ42,0 ,0 ,0 ,0 ,0 ,0 ,0 ,0 ,0 ,0 ,0 ,0 ,0 ,0 ,0 ,0 ,0 ,0 
A;EL;PC_GDP;OBJ42,0 ,0 ,0 ,0 ,0 ,0 ,0 ,0 ,0 ,0 ,0 ,0 ,0 ,0 ,0 ,0 ,0 ,0 
A;ES;PC_GDP;OBJ42,0 ,0 ,0 ,0 ,0 ,0 ,0 ,0 ,0 ,0 ,0 ,0 ,0 ,0 ,0 ,0 ,0 ,0 
A;EU28;PC_GDP;OBJ42,0 ,0 ,0 ,0 ,0 ,0 ,0 ,0 ,0 ,0 ,0 ,0 ,0 ,0 ,0 ,0 ,0 ,0 
A;FI;PC_GDP;OBJ42,0 ,0 ,0 ,0 ,0 ,0 ,0 ,0 ,0 ,0 ,0 ,0 ,0 ,0 ,0 ,0 ,0 ,0 
A;FR;PC_GDP;OBJ42,0 ,0 ,0 ,0 ,0 ,0 ,0 ,0 ,0 ,0 ,0 ,0 ,0 ,0 ,0 ,0 ,0 ,0 
A;HR;PC_GDP;OBJ42,0 ,0 ,0 ,0 ,0 ,0 ,0 ,0 ,0 ,0 ,0 ,0 ,0 ,0 ,0 ,0 ,0 ,0 
A;HU;PC_GDP;OBJ42,0 ,0 ,0 ,0 ,0 ,0 ,0 ,0 ,0 ,0 ,0 ,0 ,0 ,0 ,0 ,0 ,0 ,0 
A;IE;PC_GDP;OBJ42,0 ,0 ,0 ,0 ,0 ,0 ,0 ,0 ,0 ,0 ,0 ,0 ,0 ,0 ,0 ,0 ,0 ,0 
A;IT;PC_GDP;OBJ42,0 ,0 ,0 ,0 ,0 ,0 ,0 ,0 ,0 ,0 ,0 ,0 ,0 ,0 ,0 ,0 ,0 ,0 
A;LT;PC_GDP;OBJ42,0 ,0 ,0 ,0 ,0 ,0 ,0 ,0 ,0 ,0 ,0 ,0 ,0 ,0 ,0 ,0 ,0 ,0 
A;LU;PC_GDP;OBJ42,0 ,0 ,0 ,0 ,0 ,0 ,0 ,0 ,0 ,0 ,0 ,0 ,0 ,0 ,0 ,0 ,0 ,0 
A;LV;PC_GDP;OBJ42,0 ,0 ,0 ,0 ,0 ,0 ,0 ,0 ,0 ,0 ,0 ,0 ,0 ,0 ,0 ,0 ,0 ,0 
A;MT;PC_GDP;OBJ42,0 ,0 ,0 ,0 ,0 ,0 ,0 ,0 ,0 ,0 ,0 ,0 ,0 ,0 ,0 ,0 ,0 ,0 
A;NL;PC_GDP;OBJ42,0 ,0 ,0 ,0 ,0 ,0 ,0 ,0 ,0 ,0 ,0 ,0 ,0 ,0 ,0 ,0 ,0 ,0 
A;PL;PC_GDP;OBJ42,0 ,0 ,0 ,0 ,0 ,0 ,0 ,0 ,0 ,0 ,0 ,0 ,0 ,0 ,0 ,0 ,0 ,0 
A;PT;PC_GDP;OBJ42,0 ,0 ,0 ,0 ,0 ,0 ,0 ,0 ,0 ,0 ,0 ,0 ,0 ,0 ,0 ,0 ,0 ,0 
A;RO;PC_GDP;OBJ42,0 ,0 ,0 ,0 ,0 ,0 ,0 ,0 ,0 ,0 ,0 ,0 ,0 ,0 ,0 ,0 ,0 ,0 
A;SE;PC_GDP;OBJ42,0 ,0 ,0 ,0 ,0 ,0 ,0 ,0 ,0 ,0 ,0 ,0 ,0 ,0 ,0 ,0 ,0 ,0 
A;SI;PC_GDP;OBJ42,0 ,0 ,0 ,0 ,0 ,0 ,0 ,0 ,0 ,0 ,0 ,0 ,0 ,0 ,0 ,0 ,0 ,0 
A;SK;PC_GDP;OBJ42,0 ,0 ,0 ,0 ,0 ,0 ,0 ,0 ,0 ,0 ,0 ,0 ,0 ,0 ,0 ,0 ,0 ,0 
A;UK;PC_GDP;OBJ42,0 ,0 ,0 ,0 ,0 ,0 ,0 ,0 ,0 ,0 ,0 ,0 ,0 ,0 ,0 ,0 ,0 ,0 
A;AT;PC_GDP;OTH,0 ,0 ,0 ,0 ,0 ,0 ,0 ,0 ,0 ,0 ,0 ,0 ,0 ,0 ,0 ,0 ,0.001 ,0.003 
A;BE;PC_GDP;OTH,0 ,0 ,0 ,0 ,0 ,0 ,0 ,0 ,0 ,0 ,0 ,0 ,0 ,0 ,0 ,0 ,0.001 ,0.003 
A;BG;PC_GDP;OTH,0 ,0 ,0 ,0 ,0 ,0 ,0 ,0 ,0 ,0 ,0 ,0 ,0 ,0 ,0 ,0.006 ,0.003 ,0 
A;CY;PC_GDP;OTH,0 ,0 ,0 ,0 ,0 ,0 ,0 ,0 ,0 ,0 ,0 ,0 ,0 ,0 ,0 ,0 ,0 ,0 
A;CZ;PC_GDP;OTH,0 ,0 ,0 ,0 ,0 ,0 ,0 ,0 ,0 ,0 ,0 ,0 ,0 ,0 ,0.002 ,0.004 ,0.002 ,0.002 
A;DE;PC_GDP;OTH,0 ,0 ,0 ,0 ,0 ,0 ,0 ,0 ,0 ,0.004 ,0.005 ,0.004 ,0.004 ,0.006 ,0.003 ,0.004 ,0.007 ,0.008 
A;DK;PC_GDP;OTH,0 ,0 ,0 ,0 ,0 ,0 ,0 ,0 ,0 ,0 ,0 ,0 ,0 ,0 ,0 ,0.001 ,0.003 ,0 
A;EE;PC_GDP;OTH,0 ,0 ,0 ,0 ,0 ,0 ,0 ,0 ,0 ,0 ,0 ,0 ,0 ,0 ,0 ,0.015 ,0.029 ,0.042 
A;EL;PC_GDP;OTH,0 ,0 ,0 ,0 ,0 ,0 ,0 ,0 ,0 ,0 ,0 ,0 ,0 ,0 ,0 ,0 ,0 ,0 
A;ES;PC_GDP;OTH,0 ,0 ,0 ,0 ,0 ,0 ,0 ,0 ,0 ,0 ,0 ,0 ,0 ,0 ,0 ,0 ,0.001 ,0.003 
A;EU28;PC_GDP;OTH,0 ,0 ,0 ,0 ,0 ,0 ,0 ,0 ,0 ,0.001 ,0.001 ,0.001 ,0.001 ,0.001 ,0.001 ,0.002 ,0.005 ,0.011 
A;FI;PC_GDP;OTH,0 ,0 ,0 ,0 ,0 ,0 ,0 ,0 ,0 ,0 ,0 ,0 ,0 ,0 ,0 ,0 ,0 ,0.005 
A;FR;PC_GDP;OTH,0 ,0 ,0 ,0 ,0 ,0 ,0 ,0 ,0 ,0 ,0 ,0 ,0 ,0 ,0 ,0 ,0.001 ,0.001 
A;HR;PC_GDP;OTH,0 ,0 ,0 ,0 ,0 ,0 ,0 ,0 ,0 ,0 ,0 ,0 ,0 ,0 ,0 ,0 ,0 ,0 
A;HU;PC_GDP;OTH,0 ,0 ,0 ,0 ,0 ,0 ,0 ,0 ,0 ,0 ,0 ,0 ,0 ,0 ,0 ,0.127 ,0.304 ,0.497 
A;IE;PC_GDP;OTH,0 ,0 ,0 ,0 ,0 ,0 ,0 ,0 ,0 ,0 ,0 ,0 ,0 ,0 ,0 ,0 ,0 ,0 
A;IT;PC_GDP;OTH,0 ,0 ,0 ,0 ,0 ,0 ,0 ,0 ,0 ,0 ,0 ,0 ,0 ,0 ,0 ,0 ,0.001 ,0.003 
A;LT;PC_GDP;OTH,0 ,0 ,0 ,0 ,0 ,0 ,0 ,0 ,0 ,0 ,0 ,0 ,0 ,0 ,0 ,0 ,0 ,0.013 
A;LU;PC_GDP;OTH,0 ,0 ,0 ,0 ,0 ,0 ,0 ,0 ,0 ,0 ,0 ,0 ,0 ,0 ,0 ,0 ,0 ,0 
A;LV;PC_GDP;OTH,0 ,0 ,0 ,0 ,0 ,0 ,0 ,0 ,0 ,0 ,0 ,0 ,0 ,0 ,0 ,0 ,0 ,0.003 
A;MT;PC_GDP;OTH,0 ,0 ,0 ,0 ,0 ,0 ,0 ,0 ,0 ,0 ,0 ,0 ,0 ,0 ,0 ,0 ,0 ,0 
A;NL;PC_GDP;OTH,0 ,0 ,0 ,0 ,0 ,0 ,0 ,0 ,0 ,0 ,0 ,0 ,0 ,0 ,0 ,0.002 ,0.002 ,0.006 
A;PL;PC_GDP;OTH,0 ,0 ,0 ,0 ,0 ,0 ,0 ,0 ,0 ,0 ,0 ,0 ,0 ,0 ,0 ,0 ,0.017 ,0.12 
A;PT;PC_GDP;OTH,0 ,0 ,0 ,0 ,0 ,0 ,0 ,0 ,0 ,0 ,0 ,0 ,0 ,0 ,0 ,0 ,0 ,0 
A;RO;PC_GDP;OTH,0 ,0 ,0 ,0 ,0 ,0 ,0 ,0 ,0 ,0 ,0 ,0 ,0 ,0 ,0 ,0 ,0 ,0 
A;SE;PC_GDP;OTH,0 ,0 ,0 ,0 ,0 ,0 ,0 ,0 ,0 ,0 ,0 ,0 ,0 ,0 ,0.001 ,0.002 ,0.004 ,0.015 
A;SI;PC_GDP;OTH,0 ,0 ,0 ,0 ,0 ,0 ,0 ,0 ,0 ,0 ,0 ,0 ,0 ,0 ,0 ,0 ,0 ,0 
A;SK;PC_GDP;OTH,0 ,0 ,0 ,0 ,0 ,0 ,0 ,0 ,0 ,0 ,0 ,0 ,0 ,0 ,0 ,0 ,0 ,0.002 
A;UK;PC_GDP;OTH,0 ,0 ,0 ,0 ,0 ,0 ,0 ,0 ,0 ,0 ,0 ,0 ,0 ,0 ,0 ,0 ,0 ,0 
A;AT;PC_GDP;TOTAL,0 ,0 ,0.034 ,0.036 ,0.016 ,0.043 ,0.046 ,0.058 ,0.1 ,0.149 ,0.102 ,0.248 ,0.243 ,0.208 ,0.119 ,0.264 ,0.269 ,0.247 
A;BE;PC_GDP;TOTAL,0 ,0 ,0.008 ,0.006 ,0.031 ,0.04 ,0.036 ,0.041 ,0.062 ,0.198 ,0.197 ,0.145 ,0.106 ,0.118 ,0.207 ,0.185 ,0.215 ,0.237 
A;BG;PC_GDP;TOTAL,0 ,0 ,0 ,0 ,0 ,0 ,0 ,0.002 ,0.003 ,0.038 ,0.014 ,0.015 ,0.044 ,0.069 ,0.314 ,0.425 ,0.237 ,0.347 
A;CY;PC_GDP;TOTAL,0 ,0 ,0 ,0 ,0 ,0.002 ,0.031 ,0.04 ,0.086 ,0.077 ,0.134 ,0.145 ,0.15 ,0.121 ,0.085 ,0.067 ,0.03 ,0.005 
A;CZ;PC_GDP;TOTAL,0 ,0 ,0.035 ,0.039 ,0.04 ,0.057 ,0.063 ,0.147 ,0.294 ,0.244 ,0.278 ,0.463 ,0.565 ,0.647 ,0.65 ,0.81 ,0.273 ,0.412 
A;DE;PC_GDP;TOTAL,0.001 ,0.002 ,0.01 ,0.012 ,0.018 ,0.023 ,0.016 ,0.072 ,0.124 ,0.242 ,0.181 ,0.28 ,0.307 ,0.309 ,0.283 ,0.226 ,0.24 ,0.251 
A;DK;PC_GDP;TOTAL,0 ,0.004 ,0.002 ,0 ,0 ,0 ,0 ,0.003 ,0.004 ,0.018 ,0.069 ,0.115 ,0.137 ,0.148 ,0.133 ,0.462 ,0.894 ,0.867 
A;EE;PC_GDP;TOTAL,0 ,0 ,0 ,0 ,0 ,0.036 ,0.019 ,0.028 ,0.037 ,0.037 ,0.028 ,0.046 ,0.083 ,0.084 ,0.213 ,0.371 ,0.321 ,0.552 
A;EL;PC_GDP;TOTAL,0 ,0 ,0 ,0 ,0.016 ,0.05 ,0.044 ,0.036 ,0.098 ,0.107 ,0.126 ,0.18 ,0.117 ,0.17 ,0.189 ,0.152 ,0.135 ,0.111 
A;ES;PC_GDP;TOTAL,0 ,0.036 ,0.034 ,0.022 ,0.007 ,0.019 ,0.023 ,0.056 ,0.056 ,0.12 ,0.091 ,0.073 ,0.051 ,0.05 ,0.099 ,0.109 ,0.133 ,0.137 
A;EU28;PC_GDP;TOTAL,0.001 ,0.006 ,0.01 ,0.016 ,0.022 ,0.025 ,0.027 ,0.052 ,0.075 ,0.113 ,0.101 ,0.132 ,0.153 ,0.159 ,0.186 ,0.197 ,0.228 ,0.272 
A;FI;PC_GDP;TOTAL,0 ,0 ,0 ,0 ,0.001 ,0.001 ,0.001 ,0.038 ,0.047 ,0.047 ,0.058 ,0.308 ,0.33 ,0.386 ,0.475 ,0.574 ,0.618 ,0.627 
A;FR;PC_GDP;TOTAL,0 ,0 ,0 ,0 ,0.001 ,0 ,0.003 ,0.016 ,0.025 ,0.036 ,0.027 ,0.029 ,0.032 ,0.044 ,0.121 ,0.223 ,0.249 ,0.252 
A;HR;PC_GDP;TOTAL,0 ,0 ,0 ,0 ,0 ,0 ,0 ,0 ,0 ,0 ,0 ,0 ,0 ,0.036 ,0.232 ,0.151 ,0.404 ,0.741 
A;HU;PC_GDP;TOTAL,0 ,0 ,0 ,0 ,0.009 ,0.029 ,0.115 ,0.276 ,0.903 ,0.597 ,0.442 ,0.356 ,0.352 ,0.34 ,0.791 ,0.717 ,1.636 ,2.216 
A;IE;PC_GDP;TOTAL,0 ,0.006 ,0.006 ,0.008 ,0.019 ,0.031 ,0.053 ,0.092 ,0.088 ,0.053 ,0.069 ,0.054 ,0.058 ,0.239 ,0.066 ,0.067 ,0.063 ,0.068 
A;IT;PC_GDP;TOTAL,0.005 ,0.017 ,0.018 ,0.055 ,0.079 ,0.059 ,0.065 ,0.059 ,0.071 ,0.098 ,0.08 ,0.071 ,0.1 ,0.069 ,0.079 ,0.091 ,0.111 ,0.178 
A;LT;PC_GDP;TOTAL,0 ,0 ,0 ,0 ,0 ,0.008 ,0.031 ,0.077 ,0.082 ,0.144 ,0.19 ,0.244 ,0.258 ,0.186 ,0.116 ,0.587 ,0.806 ,0.96 
A;LU;PC_GDP;TOTAL,0 ,0 ,0 ,0 ,0 ,0.023 ,0.035 ,0.021 ,0.02 ,0.109 ,0.122 ,0.15 ,0.114 ,0.237 ,0.136 ,0.121 ,0.116 ,0.085 
A;LV;PC_GDP;TOTAL,0 ,0 ,0 ,0 ,0.001 ,0.023 ,0.03 ,1.166 ,0.043 ,0.051 ,0.076 ,0.108 ,0.146 ,0.161 ,0.752 ,0.574 ,0.388 ,0.263 
A;MT;PC_GDP;TOTAL,0 ,0 ,0 ,0 ,0 ,0 ,0.023 ,0.036 ,0.019 ,0.211 ,0.227 ,0.395 ,0.36 ,0.29 ,0.382 ,0.317 ,0.244 ,0.406 
A;NL;PC_GDP;TOTAL,0 ,0 ,0.002 ,0.002 ,0.002 ,0.001 ,0.01 ,0.017 ,0.021 ,0.011 ,0.011 ,0.018 ,0.021 ,0.02 ,0.03 ,0.043 ,0.055 ,0.081 
A;PL;PC_GDP;TOTAL,0 ,0 ,0 ,0 ,0.052 ,0.167 ,0.204 ,0.235 ,0.269 ,0.314 ,0.368 ,0.267 ,0.307 ,0.351 ,0.59 ,0.324 ,0.574 ,1.146 
A;PT;PC_GDP;TOTAL,0 ,0 ,0.009 ,0.017 ,0.052 ,0.017 ,0.005 ,0.014 ,0.027 ,0.059 ,0.128 ,0.103 ,0.168 ,0.124 ,0.273 ,0.383 ,0.307 ,0.379 
A;RO;PC_GDP;TOTAL,0 ,0 ,0 ,0 ,0 ,0 ,0 ,0.001 ,0.022 ,0.035 ,0.062 ,0.088 ,0.068 ,0.083 ,0.224 ,0.295 ,0.204 ,0.125 
A;SE;PC_GDP;TOTAL,0 ,0 ,0.001 ,0.001 ,0 ,0.001 ,0.001 ,0.019 ,0.015 ,0.018 ,0.021 ,0.159 ,0.531 ,0.529 ,0.497 ,0.488 ,0.536 ,0.485 
A;SI;PC_GDP;TOTAL,0 ,0 ,0 ,0 ,0 ,0 ,0.002 ,0.04 ,0.205 ,0.294 ,0.305 ,0.417 ,0.541 ,0.502 ,0.62 ,0.435 ,0.369 ,0.419 
A;SK;PC_GDP;TOTAL,0 ,0 ,0 ,0 ,0 ,0.002 ,0.008 ,0.015 ,0.02 ,0.06 ,0.085 ,0.067 ,0.084 ,0.094 ,0.175 ,0.352 ,0.269 ,0.101 
A;UK;PC_GDP;TOTAL,0 ,0.001 ,0.007 ,0.015 ,0.02 ,0.017 ,0.013 ,0.029 ,0.026 ,0.025 ,0.042 ,0.051 ,0.054 ,0.056 ,0.065 ,0.065 ,0.067 ,0.114 
